model,cohort,backend,fit_seconds,AUC,AUC_95CI_low,AUC_95CI_high,accuracy,sensitivity,specificity,PPV,NPV,n,n_events
MLP,train,sklearn,0.148,1.0,0.9999999999999999,1.0,1.0,1.0,1.0,1.0,1.0,72,22
MLP,val,sklearn,0.148,0.4027777777777778,0.11111111111111113,0.7012987012987013,0.6111111111111112,0.16666666666666666,0.8333333333333334,0.3333333333333333,0.6666666666666666,18,6
MLP,test1,sklearn,0.148,0.425,0.13843750000000002,0.7532617382617381,0.5,0.375,0.6,0.42857142857142855,0.5454545454545454,18,8
MLP,test2,sklearn,0.148,0.8055555555555556,0.4814814814814815,1.0,0.75,0.5,1.0,1.0,0.6666666666666666,12,6
XGBoost,train,sklearn,0.27,1.0,0.9999999999999999,1.0,1.0,1.0,1.0,1.0,1.0,72,22
XGBoost,val,sklearn,0.27,0.5972222222222222,0.32307692307692304,0.8615384615384615,0.4444444444444444,0.16666666666666666,0.5833333333333334,0.16666666666666666,0.5833333333333334,18,6
XGBoost,test1,sklearn,0.27,0.55,0.22222222222222224,0.8395061728395061,0.5555555555555556,0.375,0.7,0.5,0.5833333333333334,18,8
XGBoost,test2,sklearn,0.27,0.5555555555555556,0.1388888888888889,0.9375,0.6666666666666666,0.5,0.8333333333333334,0.75,0.625,12,6
CatBoost,train,sklearn,0.623,1.0,0.9999999999999999,1.0,1.0,1.0,1.0,1.0,1.0,72,22
CatBoost,val,sklearn,0.623,0.4444444444444444,0.12495192307692309,0.7857142857142857,0.6111111111111112,0.16666666666666666,0.8333333333333334,0.3333333333333333,0.6666666666666666,18,6
CatBoost,test1,sklearn,0.623,0.46249999999999997,0.14801587301587302,0.7922077922077921,0.5,0.25,0.7,0.4,0.5384615384615384,18,8
CatBoost,test2,sklearn,0.623,0.5277777777777778,0.125,0.8572420634920634,0.5,0.16666666666666666,0.8333333333333334,0.5,0.5,12,6
SVM,train,sklearn,0.002,0.8909090909090909,0.7581247771836007,0.9831391489519884,0.8194444444444444,0.4090909090909091,1.0,1.0,0.7936507936507936,72,22
SVM,val,sklearn,0.002,0.5277777777777778,0.20833333333333331,0.8312229437229437,0.6111111111111112,0.0,0.9166666666666666,0.0,0.6470588235294118,18,6
SVM,test1,sklearn,0.002,0.425,0.12500000000000003,0.7625347222222222,0.6111111111111112,0.25,0.9,0.6666666666666666,0.6,18,8
SVM,test2,sklearn,0.002,0.5,0.11111111111111112,0.8571428571428571,0.6666666666666666,0.3333333333333333,1.0,1.0,0.6,12,6
ExtraTrees,train,sklearn,0.056,1.0,0.9999999999999999,1.0,0.9027777777777778,0.6818181818181818,1.0,1.0,0.8771929824561403,72,22
ExtraTrees,val,sklearn,0.056,0.5694444444444445,0.18446428571428572,0.9334374999999999,0.7222222222222222,0.16666666666666666,1.0,1.0,0.7058823529411765,18,6
ExtraTrees,test1,sklearn,0.056,0.575,0.25902777777777786,0.8572420634920633,0.6111111111111112,0.25,0.9,0.6666666666666666,0.6,18,8
ExtraTrees,test2,sklearn,0.056,0.5277777777777778,0.1428571428571429,0.8611111111111112,0.6666666666666666,0.3333333333333333,1.0,1.0,0.6,12,6
RandomForest,train,sklearn,0.08,1.0,0.9999999999999999,1.0,0.9861111111111112,0.9545454545454546,1.0,1.0,0.9803921568627451,72,22
RandomForest,val,sklearn,0.08,0.5277777777777778,0.2305555555555555,0.825,0.6111111111111112,0.16666666666666666,0.8333333333333334,0.3333333333333333,0.6666666666666666,18,6
RandomForest,test1,sklearn,0.08,0.5,0.17848214285714287,0.8271604938271604,0.6111111111111112,0.25,0.9,0.6666666666666666,0.6,18,8
RandomForest,test2,sklearn,0.08,0.4444444444444445,0.07407407407407408,0.8057291666666665,0.5833333333333334,0.16666666666666666,1.0,1.0,0.5454545454545454,12,6
RidgeLR,train,sklearn,0.002,0.6472727272727273,0.508075286415712,0.7798629175440769,0.7361111111111112,0.13636363636363635,1.0,1.0,0.7246376811594203,72,22
RidgeLR,val,sklearn,0.002,0.6388888888888888,0.3192361111111111,0.9286904761904761,0.6111111111111112,0.0,0.9166666666666666,0.0,0.6470588235294118,18,6
RidgeLR,test1,sklearn,0.002,0.7,0.4153125,0.9444940476190475,0.6111111111111112,0.125,1.0,1.0,0.5882352941176471,18,8
RidgeLR,test2,sklearn,0.002,0.5833333333333334,0.1875,1.0,0.4166666666666667,0.0,0.8333333333333334,0.0,0.45454545454545453,12,6
GradientBoosting,train,sklearn,0.019,1.0,0.9999999999999999,1.0,1.0,1.0,1.0,1.0,1.0,72,22
GradientBoosting,val,sklearn,0.019,0.5,0.20833333333333334,0.8052038239538238,0.5,0.16666666666666666,0.6666666666666666,0.2,0.6153846153846154,18,6
GradientBoosting,test1,sklearn,0.019,0.36250000000000004,0.0746875,0.6883116883116883,0.5,0.25,0.7,0.4,0.5384615384615384,18,8
GradientBoosting,test2,sklearn,0.019,0.3055555555555555,0.0,0.6573809523809522,0.4166666666666667,0.16666666666666666,0.6666666666666666,0.3333333333333333,0.4444444444444444,12,6
ElasticNet,train,sklearn,0.002,0.6490909090909092,0.5105646481178396,0.7825245023962695,0.7361111111111112,0.13636363636363635,1.0,1.0,0.7246376811594203,72,22
ElasticNet,val,sklearn,0.002,0.6388888888888888,0.3192361111111111,0.9286904761904761,0.6111111111111112,0.0,0.9166666666666666,0.0,0.6470588235294118,18,6
ElasticNet,test1,sklearn,0.002,0.7000000000000001,0.3998214285714286,0.9464285714285714,0.6111111111111112,0.125,1.0,1.0,0.5882352941176471,18,8
ElasticNet,test2,sklearn,0.002,0.5833333333333334,0.1875,1.0,0.4166666666666667,0.0,0.8333333333333334,0.0,0.45454545454545453,12,6
NuSVM,train,sklearn,0.002,0.9136363636363637,0.7935822510822511,0.9946529995397368,0.6944444444444444,0.0,1.0,,0.6944444444444444,72,22
NuSVM,val,sklearn,0.002,0.5138888888888888,0.19999999999999998,0.8154545454545454,0.6666666666666666,0.0,1.0,,0.6666666666666666,18,6
NuSVM,test1,sklearn,0.002,0.425,0.13580246913580252,0.7275284090909089,0.5555555555555556,0.0,1.0,,0.5555555555555556,18,8
NuSVM,test2,sklearn,0.002,0.5833333333333334,0.18181818181818182,0.9064508928571426,0.5,0.0,1.0,,0.5,12,6
HistGradientBoosting,train,sklearn,0.073,0.97,0.9259144237405107,1.0,0.8472222222222222,0.5454545454545454,0.98,0.9230769230769231,0.8305084745762712,72,22
HistGradientBoosting,val,sklearn,0.073,0.6527777777777779,0.35382352941176465,0.8962012987012986,0.6111111111111112,0.0,0.9166666666666666,0.0,0.6470588235294118,18,6
HistGradientBoosting,test1,sklearn,0.073,0.7000000000000001,0.4284821428571428,0.9286263736263736,0.6111111111111112,0.125,1.0,1.0,0.5882352941176471,18,8
HistGradientBoosting,test2,sklearn,0.073,0.6944444444444444,0.3123263888888889,1.0,0.4166666666666667,0.0,0.8333333333333334,0.0,0.45454545454545453,12,6
LR,train,sklearn,0.003,0.6472727272727273,0.5088329582651391,0.7815383876649461,0.7222222222222222,0.13636363636363635,0.98,0.75,0.7205882352941176,72,22
LR,val,sklearn,0.003,0.6388888888888888,0.3192361111111111,0.9286904761904761,0.6111111111111112,0.0,0.9166666666666666,0.0,0.6470588235294118,18,6
LR,test1,sklearn,0.003,0.6875000000000001,0.3998214285714286,0.9444444444444444,0.6111111111111112,0.125,1.0,1.0,0.5882352941176471,18,8
LR,test2,sklearn,0.003,0.5833333333333334,0.1875,1.0,0.4166666666666667,0.0,0.8333333333333334,0.0,0.45454545454545453,12,6
LinearSVM,train,sklearn,0.002,0.4009090909090909,0.2697529921059333,0.5464134121231399,0.6944444444444444,0.0,1.0,,0.6944444444444444,72,22
LinearSVM,val,sklearn,0.002,0.41666666666666663,0.12496141975308642,0.7273944805194804,0.6666666666666666,0.0,1.0,,0.6666666666666666,18,6
LinearSVM,test1,sklearn,0.002,0.4875,0.18744212962962958,0.7777777777777777,0.5555555555555556,0.0,1.0,,0.5555555555555556,18,8
LinearSVM,test2,sklearn,0.002,0.5555555555555556,0.16666666666666663,0.888888888888889,0.5,0.0,1.0,,0.5,12,6
LightGBM,train,sklearn,0.091,0.9804545454545454,0.9381744776962168,1.0,0.8333333333333334,0.5,0.98,0.9166666666666666,0.8166666666666667,72,22
LightGBM,val,sklearn,0.091,0.5486111111111112,0.24669552669552666,0.8224358974358973,0.5555555555555556,0.0,0.8333333333333334,0.0,0.625,18,6
LightGBM,test1,sklearn,0.091,0.6062500000000001,0.2777777777777778,0.8832264610389609,0.6111111111111112,0.125,1.0,1.0,0.5882352941176471,18,8
LightGBM,test2,sklearn,0.091,0.6666666666666666,0.3125,0.9714285714285714,0.5833333333333334,0.16666666666666666,1.0,1.0,0.5454545454545454,12,6
Bagging,train,sklearn,0.074,1.0,0.9999999999999999,1.0,1.0,1.0,1.0,1.0,1.0,72,22
Bagging,val,sklearn,0.074,0.5625,0.26149350649350644,0.8461538461538461,0.6111111111111112,0.16666666666666666,0.8333333333333334,0.3333333333333333,0.6666666666666666,18,6
Bagging,test1,sklearn,0.074,0.5,0.17848214285714287,0.8271604938271604,0.6111111111111112,0.25,0.9,0.6666666666666666,0.6,18,8
Bagging,test2,sklearn,0.074,0.3333333333333333,0.02777777777777777,0.6875,0.5,0.16666666666666666,0.8333333333333334,0.5,0.5,12,6
AdaBoost,train,sklearn,0.057,0.9859090909090908,0.9591624149659864,1.0,0.9305555555555556,0.7727272727272727,1.0,1.0,0.9090909090909091,72,22
AdaBoost,val,sklearn,0.057,0.41666666666666663,0.10769230769230767,0.75,0.5,0.16666666666666666,0.6666666666666666,0.2,0.6153846153846154,18,6
AdaBoost,test1,sklearn,0.057,0.41875000000000007,0.12344729344729344,0.723125,0.5555555555555556,0.25,0.8,0.5,0.5714285714285714,18,8
AdaBoost,test2,sklearn,0.057,0.38888888888888884,0.05714285714285714,0.7715873015873016,0.5,0.16666666666666666,0.8333333333333334,0.5,0.5,12,6
LDA,train,sklearn,0.002,0.6472727272727273,0.508075286415712,0.7798629175440769,0.7083333333333334,0.13636363636363635,0.96,0.6,0.7164179104477612,72,22
LDA,val,sklearn,0.002,0.6388888888888888,0.3192361111111111,0.9286904761904761,0.6111111111111112,0.0,0.9166666666666666,0.0,0.6470588235294118,18,6
LDA,test1,sklearn,0.002,0.7125,0.42500000000000004,0.9444940476190475,0.6111111111111112,0.125,1.0,1.0,0.5882352941176471,18,8
LDA,test2,sklearn,0.002,0.5833333333333334,0.1875,1.0,0.4166666666666667,0.0,0.8333333333333334,0.0,0.45454545454545453,12,6
LASSO,train,sklearn,0.001,0.6509090909090909,0.5173038728897715,0.7807526737967915,0.7361111111111112,0.13636363636363635,1.0,1.0,0.7246376811594203,72,22
LASSO,val,sklearn,0.001,0.6388888888888888,0.30758928571428573,0.9385294117647058,0.7222222222222222,0.16666666666666666,1.0,1.0,0.7058823529411765,18,6
LASSO,test1,sklearn,0.001,0.7000000000000001,0.3998214285714286,0.9464285714285714,0.6111111111111112,0.125,1.0,1.0,0.5882352941176471,18,8
LASSO,test2,sklearn,0.001,0.5833333333333334,0.1875,1.0,0.4166666666666667,0.0,0.8333333333333334,0.0,0.45454545454545453,12,6
KNN,train,sklearn,0.001,0.7400000000000001,0.6169668316597196,0.843903353103255,0.7777777777777778,0.36363636363636365,0.96,0.8,0.7741935483870968,72,22
KNN,val,sklearn,0.001,0.5277777777777778,0.19991071428571433,0.8540277777777776,0.6666666666666666,0.3333333333333333,0.8333333333333334,0.5,0.7142857142857143,18,6
KNN,test1,sklearn,0.001,0.58125,0.2984895833333333,0.8462662337662338,0.6111111111111112,0.375,0.8,0.6,0.6153846153846154,18,8
KNN,test2,sklearn,0.001,0.7777777777777777,0.4996428571428571,1.0,0.75,0.5,1.0,1.0,0.6666666666666666,12,6
CART,train,sklearn,0.001,0.9504545454545454,0.9014654214267229,0.9865941755922826,0.9305555555555556,0.8181818181818182,0.98,0.9473684210526315,0.9245283018867925,72,22
CART,val,sklearn,0.001,0.39583333333333326,0.10706845238095236,0.7222435897435897,0.3888888888888889,0.3333333333333333,0.4166666666666667,0.2222222222222222,0.5555555555555556,18,6
CART,test1,sklearn,0.001,0.55,0.2625,0.7986133658008658,0.5,0.375,0.6,0.42857142857142855,0.5454545454545454,18,8
CART,test2,sklearn,0.001,0.41666666666666674,0.07137896825396824,0.7777777777777778,0.3333333333333333,0.16666666666666666,0.5,0.25,0.375,12,6
QDA,train,sklearn,0.002,0.7754545454545454,0.6610605423987775,0.8704077974033817,0.7777777777777778,0.3181818181818182,0.98,0.875,0.765625,72,22
QDA,val,sklearn,0.002,0.5416666666666666,0.14285714285714285,0.9538888888888888,0.7777777777777778,0.5,0.9166666666666666,0.75,0.7857142857142857,18,6
QDA,test1,sklearn,0.002,0.48750000000000004,0.17274928774928774,0.8252083333333331,0.5555555555555556,0.25,0.8,0.5,0.5714285714285714,18,8
QDA,test2,sklearn,0.002,0.7222222222222222,0.3702020202020202,1.0,0.5833333333333334,0.3333333333333333,0.8333333333333334,0.6666666666666666,0.5555555555555556,12,6
GaussianNB,train,sklearn,0.001,0.7118181818181819,0.5908517118140928,0.8220342312008978,0.7361111111111112,0.13636363636363635,1.0,1.0,0.7246376811594203,72,22
GaussianNB,val,sklearn,0.001,0.5833333333333333,0.1996153846153846,0.9777777777777777,0.7222222222222222,0.16666666666666666,1.0,1.0,0.7058823529411765,18,6
GaussianNB,test1,sklearn,0.001,0.5375,0.22205128205128205,0.8519841269841268,0.5555555555555556,0.0,1.0,,0.5555555555555556,18,8
GaussianNB,test2,sklearn,0.001,0.8333333333333334,0.5425669642857143,1.0,0.5833333333333334,0.16666666666666666,1.0,1.0,0.5454545454545454,12,6
PolynomialSVM,train,sklearn,0.002,0.19454545454545452,0.08043494644630443,0.33338636363636354,0.6805555555555556,0.0,0.98,0.0,0.6901408450704225,72,22
PolynomialSVM,val,sklearn,0.002,0.5416666666666667,0.16060267857142857,0.875347222222222,0.6666666666666666,0.0,1.0,,0.6666666666666666,18,6
PolynomialSVM,test1,sklearn,0.002,0.4875,0.19993827160493827,0.7662337662337662,0.5555555555555556,0.0,1.0,,0.5555555555555556,18,8
PolynomialSVM,test2,sklearn,0.002,0.5277777777777778,0.1851851851851852,0.888888888888889,0.5,0.0,1.0,,0.5,12,6
SGDClassifier,train,sklearn,0.001,0.5477272727272727,0.3940958554964539,0.6755820707070705,0.5416666666666666,0.4090909090909091,0.6,0.3103448275862069,0.6976744186046512,72,22
SGDClassifier,val,sklearn,0.001,0.7916666666666667,0.48611111111111116,1.0,0.7222222222222222,0.5,0.8333333333333334,0.6,0.7692307692307693,18,6
SGDClassifier,test1,sklearn,0.001,0.525,0.24652191558441558,0.8036210317460317,0.5,0.125,0.8,0.3333333333333333,0.5333333333333333,18,8
SGDClassifier,test2,sklearn,0.001,0.5833333333333333,0.18181818181818182,0.9376339285714285,0.5,0.5,0.5,0.5,0.5,12,6
DecisionTree,train,sklearn,0.001,0.9668181818181819,0.9210984232402639,0.9971174719887954,0.9305555555555556,0.9090909090909091,0.94,0.8695652173913043,0.9591836734693877,72,22
DecisionTree,val,sklearn,0.001,0.4444444444444444,0.14695378151260502,0.7639475108225108,0.5555555555555556,0.3333333333333333,0.6666666666666666,0.3333333333333333,0.6666666666666666,18,6
DecisionTree,test1,sklearn,0.001,0.36875,0.125,0.6251217532467531,0.4444444444444444,0.25,0.6,0.3333333333333333,0.5,18,8
DecisionTree,test2,sklearn,0.001,0.1527777777777778,0.0,0.375,0.25,0.16666666666666666,0.3333333333333333,0.2,0.2857142857142857,12,6
RotationForest,train,weka,3.083,0.5,0.5,0.5,0.6944444444444444,0.0,1.0,,0.6944444444444444,72,22
RotationForest,val,weka,3.083,0.5,0.5,0.5,0.6666666666666666,0.0,1.0,,0.6666666666666666,18,6
RotationForest,test1,weka,3.083,0.5,0.5,0.5,0.5555555555555556,0.0,1.0,,0.5555555555555556,18,8
RotationForest,test2,weka,3.083,0.5,0.5,0.5,0.5,0.0,1.0,,0.5,12,6
ConditionalInferenceTree,train,r,0.671,0.5,0.5,0.5,0.6944444444444444,0.0,1.0,,0.6944444444444444,72,22
ConditionalInferenceTree,val,r,0.671,0.5,0.5,0.5,0.6666666666666666,0.0,1.0,,0.6666666666666666,18,6
ConditionalInferenceTree,test1,r,0.671,0.5,0.5,0.5,0.5555555555555556,0.0,1.0,,0.5555555555555556,18,8
ConditionalInferenceTree,test2,r,0.671,0.5,0.5,0.5,0.5,0.0,1.0,,0.5,12,6
GentleBoost,train,sklearn,0.024,1.0,0.9999999999999999,1.0,1.0,1.0,1.0,1.0,1.0,72,22
GentleBoost,val,sklearn,0.024,0.5555555555555556,0.24417748917748916,0.8611217948717949,0.5555555555555556,0.16666666666666666,0.75,0.25,0.6428571428571429,18,6
GentleBoost,test1,sklearn,0.024,0.5874999999999999,0.29996753246753244,0.8615625,0.6111111111111112,0.25,0.9,0.6666666666666666,0.6,18,8
GentleBoost,test2,sklearn,0.024,0.5,0.125,0.8285714285714286,0.5,0.3333333333333333,0.6666666666666666,0.5,0.5,12,6
LogitBoost,train,weka,0.018,0.9354545454545454,0.8586340399796281,0.9871399176954733,0.875,0.6363636363636364,0.98,0.9333333333333333,0.8596491228070176,72,22
LogitBoost,val,weka,0.018,0.548611111111111,0.2222222222222222,0.8472916666666668,0.3888888888888889,0.3333333333333333,0.4166666666666667,0.2222222222222222,0.5555555555555556,18,6
LogitBoost,test1,weka,0.018,0.4375,0.14275793650793653,0.7615624999999999,0.5555555555555556,0.25,0.8,0.5,0.5714285714285714,18,8
LogitBoost,test2,weka,0.018,0.5,0.14250000000000004,0.8333333333333334,0.4166666666666667,0.16666666666666666,0.6666666666666666,0.3333333333333333,0.4444444444444444,12,6
RDA,train,sklearn,0.002,0.65,0.5095984042553191,0.7809104938271605,0.7361111111111112,0.13636363636363635,1.0,1.0,0.7246376811594203,72,22
RDA,val,sklearn,0.002,0.625,0.30000000000000004,0.9286904761904761,0.6111111111111112,0.0,0.9166666666666666,0.0,0.6470588235294118,18,6
RDA,test1,sklearn,0.002,0.7000000000000001,0.3998214285714286,0.9464285714285714,0.6111111111111112,0.125,1.0,1.0,0.5882352941176471,18,8
RDA,test2,sklearn,0.002,0.5833333333333334,0.1875,1.0,0.4166666666666667,0.0,0.8333333333333334,0.0,0.45454545454545453,12,6
