model,status,best_epoch,val_auc,device
SimpleViT,ok,1,1.0,cuda
ViT,ok,1,1.0,cuda
mobilenet_v3_small,ok,1,0.5,cuda
resnet34,ok,4,1.0,cuda
shufflenet_v2_x1_0,ok,10,0.5,cuda
mobilenet_v2,ok,11,1.0,cuda
resnet50,ok,2,1.0,cuda
mnasnet0_5,ok,1,0.5,cuda
resnext50_32x4d,ok,1,1.0,cuda
densenet121,ok,1,1.0,cuda
resnet18,ok,1,1.0,cuda
squeezenet1_0,ok,1,1.0,cuda
wide_resnet101_2,ok,2,1.0,cuda
densenet161,ok,1,1.0,cuda
googlenet,ok,6,1.0,cuda
shufflenet_v2_x0_5,ok,6,1.0,cuda
resnet152,ok,2,0.75,cuda
alexnet,ok,1,1.0,cuda
vgg16,ok,6,1.0,cuda
densenet169,ok,1,1.0,cuda
densenet201,ok,5,1.0,cuda
inception_v3,ok,17,1.0,cuda
wide_resnet50_2,ok,1,0.75,cuda
resnet101,ok,4,1.0,cuda
vgg13_bn,ok,2,1.0,cuda
vgg16_bn,ok,2,1.0,cuda
vgg13,ok,4,1.0,cuda
mnasnet1_0,ok,1,0.5,cuda
squeezenet1_1,ok,1,0.5,cuda
vgg19,ok,6,1.0,cuda
mobilenet_v3_large,ok,13,1.0,cuda
vgg19_bn,ok,4,1.0,cuda
