ID,PRE_RF_001,PRE_RF_002,PRE_RF_003,PRE_RF_004,PRE_RF_005,PRE_RF_006,POST_RF_001,POST_RF_002,POST_RF_003,POST_RF_004,POST_RF_005,POST_RF_006,POST_RF_007,POST_RF_008,PRE_DLF_001,PRE_DLF_002,PRE_DLF_003,PRE_DLF_004,PRE_DLF_005,PRE_DLF_006,PRE_DLF_007,PRE_DLF_008,PRE_DLF_009,PRE_DLF_010,PRE_DLF_011,PRE_DLF_012,PRE_DLF_013,PRE_DLF_014,PRE_DLF_015,PRE_DLF_016,PRE_DLF_017,PRE_DLF_018,PRE_DLF_019,PRE_DLF_020,PRE_DLF_021,PRE_DLF_022,POST_DLF_001,POST_DLF_002,POST_DLF_003,POST_DLF_004,POST_DLF_005,POST_DLF_006,POST_DLF_007,POST_DLF_008,POST_DLF_009,POST_DLF_010,POST_DLF_011,POST_DLF_012,POST_DLF_013,POST_DLF_014,POST_DLF_015,POST_DLF_016,POST_DLF_017,POST_DLF_018,POST_DLF_019,POST_DLF_020,POST_DLF_021,POST_DLF_022,POST_DLF_023,POST_DLF_024,POST_DLF_025,POST_DLF_026,POST_DLF_027,POST_DLF_028,POST_DLF_029,POST_DLF_030,POST_DLF_031,POST_DLF_032,POST_DLF_033,POST_DLF_034,POST_DLF_035,POST_DLF_036,POST_DLF_037,POST_DLF_038,POST_DLF_039,POST_DLF_040,POST_DLF_041,POST_DLF_042,POST_DLF_043,POST_DLF_044,POST_DLF_045,POST_DLF_046,POST_DLF_047,POST_DLF_048
DEMO001,-1.150715,-0.668041,0.223386,0.461855,-0.934969,0.487755,-1.100035,0.353347,-0.873393,-0.89787,-1.023894,-0.931301,0.783697,-3.254708,-0.81453,-0.124434,-0.0383,-1.713649,-2.717267,0.63437,-0.652464,-2.623609,-1.622942,-0.137248,-1.1888,-1.421184,0.491759,-1.95641,-1.707276,-0.697736,-0.518668,-0.41278,0.002115,-0.710544,-0.419739,-1.168332,-1.557206,-1.172561,-1.950014,-0.269046,-0.355614,-1.216627,-1.439546,-1.280829,-1.273659,-1.247245,-1.356871,-0.916423,-0.41566,-2.399132,-2.219536,-2.91739,-0.302475,-0.918549,-0.663604,-2.59837,0.616076,-1.777723,-1.000666,-0.314487,-2.155852,-1.715196,-0.9897,1.688601,-0.867747,0.437489,0.036801,-0.800862,-2.158068,-0.109118,-2.666982,0.432003,-0.968867,-3.819096,-1.509378,-0.514924,-1.405896,-0.453866,-2.018896,-2.474854,-1.240317,-1.137306,-1.517256,0.058419
DEMO002,1.060405,0.13088,0.373878,-0.512258,0.080145,0.610262,-0.955805,0.50257,1.060269,1.735845,1.518828,0.661495,2.064784,2.075936,1.079391,1.124226,1.23179,1.789232,1.571838,1.060909,0.207566,1.084364,0.988674,1.209874,3.223218,0.492919,1.438981,2.085154,1.114694,3.354537,0.638653,1.340781,0.217887,0.665168,1.265626,1.862996,0.456968,1.620341,1.375146,-0.24954,-0.011854,1.319087,3.288376,1.886446,-0.418459,-1.803312,2.040229,1.210962,2.448442,0.426458,1.657388,2.153349,0.859712,0.88109,1.332439,1.849852,1.292842,2.281172,0.845241,-0.021219,3.284151,0.702542,0.738734,1.241372,1.374357,0.920492,1.289742,1.267414,1.481995,-1.050312,3.188052,1.159887,1.887798,-0.070926,0.836176,0.63486,2.7769,0.721362,2.065256,0.656755,0.854557,1.061626,2.591021,-0.582677
DEMO003,-0.879285,0.0379,-3.065051,-1.290042,-2.723414,-1.208173,-1.633442,-0.854842,-1.544854,-2.378982,-1.119683,-1.706886,-1.81616,-0.344546,-1.447918,-0.507898,-1.861979,-2.099182,0.936972,-1.372776,-2.486495,-2.461277,-2.709693,-0.830444,-2.131391,-1.639651,-1.830522,-1.035521,-2.613757,-2.842586,-1.542716,-1.166054,-1.434481,-2.576467,-1.089528,-2.510874,-3.587538,-4.219179,-3.359376,-3.083474,-3.886355,-3.006022,-4.286589,-3.289863,-1.071454,-1.868286,-2.084407,-3.274653,-3.807959,-3.41103,-2.315084,-1.403697,-1.369507,-1.641262,-3.009431,-2.247324,-2.593217,-2.473064,-0.234746,-4.033874,-2.506551,-1.060125,-3.737766,-2.915622,-2.800913,-2.495164,-3.867831,-1.676588,-1.605587,-1.763499,-3.142248,-2.185363,-3.171314,-2.604471,-0.118406,-2.176179,-3.459401,-2.091539,-3.62367,-3.470885,-3.312997,-2.716184,-1.334905,-1.693476
DEMO004,-0.465972,-2.165791,0.593412,-0.939886,-0.868785,-1.404637,-2.812548,-1.77936,-1.548746,-0.724936,-0.616284,-1.869001,-1.346834,-1.222518,-0.873168,-1.295583,0.949529,0.281792,0.253364,0.895582,2.46102,-2.060855,-1.090006,-0.967804,-1.202449,-1.429213,-0.651282,-1.568233,-0.016587,-0.299931,0.129399,0.156099,0.251378,-0.725038,1.769514,-0.117198,0.070901,-1.551019,-0.993409,-0.180094,-1.080415,-0.730461,-0.010736,-0.800867,-0.226035,1.140634,-0.623954,0.727243,0.107275,-1.919337,-1.554232,-1.285691,-1.30693,-0.542385,0.162549,0.803064,-0.14392,-0.897774,-2.534336,-0.381505,-0.426325,-0.269166,1.654146,0.788502,0.332966,-1.414172,-0.96509,-0.546939,-1.227502,0.04837,-0.095186,-1.540403,0.744722,-0.349784,-2.181166,-0.503438,-0.170888,0.520698,-0.789571,0.375843,-0.264953,-1.767149,-1.867262,0.670465
DEMO005,-0.49153,0.590644,-0.026491,0.491415,0.524675,1.483415,2.633197,1.977515,-0.235976,-0.18781,-0.973431,-1.732357,0.058893,-0.822079,-1.691594,-0.831485,-1.569612,0.188225,0.049085,-0.297535,2.181817,0.719874,0.896989,-0.760183,-0.828254,0.207696,0.343898,-1.685421,-0.009416,0.184963,-0.044258,-0.6425,-0.368644,-0.005968,0.261691,0.775682,1.415701,0.542626,1.715423,1.276326,0.903345,-0.691595,1.951145,0.756018,-0.166122,-0.448553,0.4765,-1.451342,0.91939,-0.733854,0.590325,-0.301904,-0.044702,-0.537193,0.058487,2.109096,1.604776,0.574196,0.194422,1.063918,1.349687,-0.610102,0.142278,-1.602242,1.342819,2.284741,0.299799,-1.905293,0.828607,-0.684373,-0.443633,0.846293,0.474271,-0.268392,-0.429889,0.345553,-0.189749,-0.88952,-0.112847,0.559309,0.041613,-1.193792,1.208781,-2.519095
DEMO006,0.243436,-0.890635,1.653445,0.254734,1.700815,0.969599,0.54827,-0.967086,-0.128854,0.781747,0.99933,1.050592,-0.687369,1.487806,1.69639,0.321186,0.159377,1.053189,1.226378,0.181333,1.405927,1.595119,1.90722,2.393854,-0.250883,0.629432,0.626811,0.51746,-0.033729,-0.870029,0.708213,-0.152822,0.701527,-0.17851,-0.484125,0.849832,0.345035,0.171202,0.939579,1.353062,1.918165,0.078995,1.377982,0.987219,-0.920139,2.69194,-0.647375,1.210897,1.18136,1.067037,0.296823,1.618653,-0.768967,0.725571,0.227525,0.114102,1.220148,1.868879,0.448144,1.572081,0.841141,-0.101332,0.533448,0.491914,0.09474,1.219883,1.026046,-0.79925,-0.860126,1.216085,-0.023886,1.093441,1.572332,-0.479553,-0.620137,2.465832,1.142971,0.372159,-0.14254,0.280959,-0.399172,1.674812,0.014649,1.884935
DEMO007,0.580089,1.060002,2.662239,2.788207,0.780608,0.871417,-0.032087,1.400983,0.757486,-0.608263,0.451927,1.133488,1.38109,0.627137,0.897709,1.32607,2.932652,1.024077,1.23187,-0.330773,-0.54012,2.329617,-0.176692,-0.297156,0.707689,0.656595,-0.155719,0.441815,1.976164,-0.059206,-0.646885,1.689382,1.239085,0.126269,-0.835379,0.002165,0.559527,-0.083194,0.533854,-1.664011,0.839387,0.790037,1.784899,-0.926149,2.122022,1.780755,2.212199,0.907435,1.974053,-0.511088,1.673203,0.188993,-0.691246,-0.163985,0.965687,0.135857,1.336229,-0.848082,-1.166942,2.332543,1.863956,-0.089141,0.957156,1.979663,1.379356,1.108379,2.05531,0.229443,0.991334,0.942307,0.687394,0.57035,1.033024,0.994563,-0.088272,1.761952,-0.016229,0.741922,0.664875,1.318259,-1.158948,1.851066,0.283166,2.180119
DEMO008,1.869587,-0.052314,1.126418,0.767484,1.107255,-0.040022,2.388594,1.864326,0.600161,1.606937,2.790608,2.8173,-0.371185,-0.069718,0.77831,1.998687,-0.203567,0.748495,1.508159,-1.548253,1.866801,-0.349436,1.16501,1.079698,1.917601,1.383939,-1.544276,0.048235,0.97122,0.638035,1.310625,1.622381,1.441466,0.61874,-1.013322,0.377533,0.592854,1.022175,2.984805,0.793681,2.309869,1.110064,1.486438,1.140977,1.91887,0.385487,0.08697,0.432443,1.170729,0.8502,1.781294,2.37575,0.09518,0.33707,-0.365221,3.101392,1.375688,1.550821,-0.26919,1.069849,1.580267,0.818261,2.146724,3.38285,0.123956,0.048932,0.193263,2.677218,2.113374,0.935491,1.107578,0.254475,1.961046,0.691117,0.810942,1.679809,0.883024,0.836053,1.081594,1.866374,2.717512,1.656505,1.874333,0.871165
DEMO009,-1.938293,-2.421709,-1.466109,-0.8074,-0.641917,1.588506,1.108296,-1.434904,-1.699164,-0.862817,0.043604,-0.47902,-1.027187,-1.050836,0.050207,-1.456609,0.265113,0.542232,-0.239294,-3.429941,-1.64425,1.520028,-0.912699,-2.350305,0.869086,-0.352806,0.738779,-0.089203,0.092398,-0.003152,0.331327,1.911269,0.604845,-1.946501,0.0805,0.775319,-1.178577,0.183207,-0.299538,-1.893407,-0.798848,-0.553676,-0.981237,1.010957,0.00906,0.902396,-0.207354,-0.389391,-1.407377,-0.458849,-0.457725,-1.837893,-1.010306,-0.794061,-0.057299,-0.009429,-1.052097,-0.001909,-0.652858,-3.340399,-0.955481,0.60821,-2.152585,-0.358088,1.114482,-1.231392,-0.46863,-1.774795,1.156452,-0.554111,-0.424152,0.883522,0.1907,-1.346408,-1.118057,0.024152,-1.0949,-2.588022,-0.52402,-1.950992,1.145503,-0.293991,-1.375954,-1.169411
DEMO010,0.643642,-1.424443,-0.114643,-0.86943,-0.746716,-0.277026,-1.211677,-1.37885,1.782293,-0.201829,0.387419,-0.988417,-0.685297,-1.212894,0.717231,-0.912074,0.679475,0.442273,2.087048,-1.235471,-0.99287,-0.791588,-0.975692,-1.37549,-3.248145,-0.920169,-0.116111,-0.978691,1.449912,-0.472094,0.80556,-0.224049,0.340938,-0.206228,0.883315,-0.42953,-2.513573,-1.723637,0.392148,1.607611,0.102222,-0.716217,-1.056134,-1.580671,1.435591,-0.812924,1.491455,0.769345,-2.364971,-1.290127,-1.29322,-0.704021,-0.684489,2.372064,-1.701403,-0.395205,-0.007667,-0.625747,-0.513994,-1.668984,-0.517689,-0.112776,-0.296574,-0.053974,0.788433,0.312792,-0.55288,-1.795933,-1.22418,-0.843806,-0.371829,-1.102508,-1.559908,-1.812374,-2.275353,-0.859126,-2.09384,-1.624701,-1.018077,-1.960092,-0.244423,0.116048,-1.173602,-1.061202
DEMO011,1.477147,0.518717,1.921827,-0.283962,0.864315,3.45565,-1.725094,-0.451395,-0.884005,-1.32317,-0.268745,2.25157,0.882178,2.217178,1.396995,1.267208,0.612589,1.305857,3.135261,0.630478,1.32034,2.158654,2.041128,0.912591,-1.482514,1.417577,-1.3186,2.370812,1.070349,1.900549,-0.001236,-0.651633,1.161629,0.867271,0.409334,0.985536,1.695697,0.444272,0.375534,2.354766,2.042455,1.759817,2.083912,-0.819011,2.512103,1.55033,2.169049,1.545429,1.207192,0.882958,1.525412,0.84652,2.026144,-0.428189,0.616692,3.203091,0.532187,0.919584,0.275687,1.494113,0.422003,0.972657,2.007134,0.459504,1.946879,1.980497,2.213224,1.298808,4.399527,2.212801,1.483145,0.282343,1.061208,2.584594,2.867802,2.636597,1.94346,-0.097393,1.645429,-0.083135,-0.329204,1.397426,1.681467,2.061645
DEMO012,0.031775,1.24191,-0.099784,0.389473,-0.248088,-0.361712,0.204374,0.57595,-1.107506,0.317342,0.522106,-0.783256,0.352932,0.359579,2.566566,0.633656,0.848629,0.643067,1.278593,-0.390941,-2.255631,-0.389456,0.610866,-1.17067,-0.377235,-0.892639,1.30116,0.548587,0.450671,0.420732,-0.238119,-0.003313,-1.386054,-2.387312,-0.050788,0.123121,0.238875,0.273325,-1.242913,-0.363238,-1.765378,-2.26163,0.482382,-1.011385,0.614238,0.850087,-0.877578,0.33205,-0.919418,-2.10414,-0.134951,-0.729135,-0.69835,1.717082,-1.784118,0.12461,-1.253068,0.650001,0.04017,0.121084,-1.20315,-1.023849,0.66899,1.512537,0.222047,-1.155682,0.080678,2.169211,-0.155838,1.20358,-0.99859,-0.300347,0.361304,0.139067,-1.02465,-1.067778,0.730024,0.93329,1.253883,1.54567,-0.123641,-0.56946,1.09273,0.454808
DEMO013,-2.055169,-0.845385,-2.127224,-0.610101,-0.190399,-0.909155,-1.927294,-2.50051,-2.56187,-1.291236,-1.050731,-2.170267,-1.351156,-0.807204,-0.130206,0.231865,0.230528,-2.337494,-1.691736,-0.859136,1.192434,0.140629,-0.220073,-1.727259,-2.22267,-0.550563,-2.440132,-1.577907,-1.454249,0.253441,-1.694168,-3.77872,-0.835026,-2.038492,-1.29684,-1.426175,-2.704632,-2.755812,-1.230246,-1.899451,-1.748606,-0.649643,-0.963139,-0.392303,-3.653713,-1.468779,-1.027488,-3.248762,-2.377072,-2.562662,-1.700478,-0.094323,0.300413,-2.536464,-1.195619,-1.163379,-1.334551,-1.323197,-1.418434,-0.034606,-0.61971,-2.78233,-0.926455,-0.829803,-1.407209,-0.590752,-1.534103,-1.521709,-1.600936,-3.740421,-1.802575,-2.390427,-2.908625,-0.288158,-1.217969,-1.752008,-2.28698,-1.426007,-0.73074,-2.549142,-1.727005,-0.85411,-3.658178,-1.779746
DEMO014,-1.419536,-0.679322,-1.44196,-0.19774,-2.964693,-1.468895,-0.605759,0.32793,0.053031,-2.225242,0.459636,-1.754927,-0.179077,-1.155964,-1.463656,-0.399611,-2.722816,-1.706966,-0.505914,-1.804036,-2.798758,-0.521396,-0.066857,-1.234947,-3.150797,-0.483982,-2.849839,-0.881152,-2.077415,-2.349791,-1.631862,-1.373249,-1.83416,-0.601248,-1.636021,-0.209761,-1.959229,-1.663768,-2.031566,-1.392313,0.393689,-1.85386,-1.238227,0.464809,-2.079953,0.284738,-1.524615,0.251958,-0.779737,-1.222829,-1.595568,-2.153979,-1.454146,-0.632576,-1.543049,-1.846561,-1.78072,-0.537461,-0.304776,-2.197088,-2.198526,-1.150579,-0.002406,-0.383947,-2.78179,-1.794014,-2.460541,-1.79745,0.074472,-2.952538,-3.148803,-2.358492,-1.242627,-0.909183,-1.092489,-0.354252,-3.293023,-0.341601,-1.842033,-0.798443,-2.853363,-1.524981,-1.293667,-0.374187
DEMO015,-2.910264,-2.414513,0.44441,-0.024267,-1.638933,-2.421956,-1.405158,-2.800705,-1.164573,-2.552392,-0.025709,0.523784,-1.789919,-0.691038,-0.684252,-1.662982,-1.831365,-2.612921,-0.674692,-1.320012,-3.33762,-1.50114,-1.866459,0.610253,-2.668204,-2.406776,0.144545,0.391338,-1.710408,-1.597511,-0.34919,-3.292525,-2.826619,-1.246158,0.584466,-1.401155,-2.826515,-1.210508,-2.326496,-0.735765,-0.464044,0.04591,-1.77629,-0.314034,0.119641,-2.884508,-0.628916,-0.282749,-1.499987,-2.452034,-0.298305,-2.440769,-1.419612,-1.281385,-0.525723,-1.867892,-1.925844,-1.142345,-0.23487,1.046189,-2.748742,-0.925919,-2.327796,-0.222449,-2.179805,-1.915909,-1.830531,-1.31746,-0.918063,-0.757559,-1.247028,-2.571152,-0.513474,-1.294219,-0.079526,-1.948999,-2.843535,-1.275287,0.054692,-1.080318,-1.44093,-2.111608,0.516506,-2.270863
DEMO016,-2.467368,-0.046335,2.917576,0.932045,-0.062412,0.962241,-0.188458,-0.091551,1.311428,0.498395,2.276582,0.054701,1.53627,0.634347,0.622956,1.655808,2.628904,-0.05483,0.505182,2.344074,-1.00018,1.5496,-0.496297,0.624491,0.2794,-0.435993,-0.461083,0.798433,1.517558,0.392283,0.592132,1.093193,-0.4496,1.261711,1.341362,3.125645,-0.054227,1.241201,-1.184854,1.945758,1.29536,1.570398,1.229284,0.510043,-0.391982,0.531092,-0.304069,1.157322,1.477947,2.147976,1.042935,1.595742,0.374022,0.19289,1.144839,0.284694,0.940353,-0.390025,-0.210461,1.306576,1.557857,-0.314489,1.341781,0.138431,0.687672,2.088111,1.478654,1.467039,2.579957,-0.032712,-0.314708,-0.050955,0.416666,-1.683384,0.463739,0.126596,1.454927,1.023586,0.07047,1.261128,1.39443,-0.097379,0.178143,-1.554196
DEMO017,-1.418533,-0.154898,0.241903,0.056325,0.933232,0.487071,0.949598,-0.293338,0.104261,0.038321,-0.682237,0.815901,0.804069,0.747374,-0.226557,-0.308535,0.918513,0.968651,-0.38554,-0.253616,0.690678,-0.678037,-0.260987,0.23914,1.145486,-0.455052,-1.692837,-1.76705,-1.109866,-1.163621,-0.005064,-1.039333,-0.553208,-0.624539,-0.290961,1.472051,-0.898385,-0.550195,0.266441,-0.753108,-0.321177,-1.033056,0.363389,0.617989,0.59464,0.204636,-1.348798,-0.427679,-0.215032,-0.211021,0.267256,1.617816,1.004371,-0.795243,0.870678,0.832577,-0.613793,1.041141,0.031898,-1.217679,0.647477,0.409237,-0.035403,0.154822,-0.526811,0.802405,0.148824,0.358724,0.549417,-0.962311,-0.702008,-2.01767,0.757017,-1.019935,0.324844,0.563263,0.794628,-1.011742,0.127113,1.862555,1.906589,1.179598,0.529768,-0.812832
DEMO018,1.358811,0.002113,1.588301,2.319422,-0.279664,-0.19721,2.28269,2.195069,0.370779,1.118777,0.122123,0.769079,0.145975,2.365794,1.386957,0.741139,0.263983,0.291777,1.052756,1.309179,-0.182608,0.76149,-1.30661,0.936723,1.487159,0.444941,2.541537,-0.156229,0.94245,0.689185,0.624712,0.610687,0.832115,1.572968,2.102746,0.722759,1.650777,0.774134,1.492684,0.299312,0.759222,1.096303,1.178433,1.425878,0.35296,-0.411129,2.55694,3.421409,1.379576,-0.391837,0.15896,1.441273,2.273271,-0.280735,0.807822,1.128087,1.796734,0.588554,-0.631659,1.553353,2.056951,0.849564,1.337395,0.457664,0.086382,1.958581,1.319651,1.422524,2.43427,-0.122687,0.380129,1.090089,0.367842,1.715292,0.744756,-0.060378,0.997927,1.102494,1.866837,1.325296,1.393302,1.252447,0.743933,0.215936
DEMO019,0.908532,-0.618597,0.976569,-0.869788,1.027793,-0.295767,-0.097735,-0.679462,0.732186,-2.632048,-2.475535,0.334406,-0.400964,-0.210987,0.366701,-1.150382,0.31734,-1.210607,0.642045,1.762026,-0.570699,-2.641159,-0.996688,0.78326,0.104462,-0.199702,0.560053,0.035838,0.76911,0.470808,1.073085,-0.089819,0.456644,-0.755742,-1.050076,1.258152,-0.287953,-0.909916,1.113032,0.765391,0.056048,-0.198324,-0.66475,-1.837915,-0.792963,-0.475391,-0.347335,-0.107255,0.344539,-1.268945,-1.259867,0.874066,0.194191,-0.967562,-0.684002,-0.679505,-0.545217,-0.104108,1.958202,-0.387035,0.085807,-2.263268,-1.061691,0.652024,-0.174476,-4.965906,0.097232,1.341373,-2.572699,0.942597,-3.348747,0.361208,-0.58544,-2.926762,-0.130653,0.574049,-0.212904,0.008037,-0.988467,-2.438181,0.115073,1.172963,0.55279,-2.564667
DEMO020,0.416769,1.723258,-0.203231,-0.782582,-0.290025,0.610874,-1.155173,0.147989,2.174732,0.995422,0.340929,-0.267831,-0.22335,-1.957975,0.382671,0.971347,0.290207,-0.420049,0.17745,1.602461,0.721707,-1.545006,-0.048778,1.94876,-0.04733,-1.634012,2.059516,0.848859,0.096454,-0.204951,1.248819,-0.375517,1.314723,0.708662,0.411149,0.311981,-1.300866,-0.631939,-1.378947,0.258219,0.607444,-1.216225,0.991157,0.815133,-0.334131,0.041507,-1.735773,-0.118234,0.221414,0.382776,0.592905,0.45827,-0.050315,0.500224,1.216061,0.118531,0.531623,0.027858,-0.43273,0.736908,-0.341197,0.600175,0.242284,-0.089906,-0.114114,-0.294092,-1.431773,0.596924,0.445575,1.063699,-0.317428,2.109412,-0.165707,-0.661081,-0.779656,-1.519894,1.746656,1.585096,0.814774,-0.68206,2.025296,-0.137691,-0.054997,1.651288
DEMO021,-0.940169,1.263061,0.086819,1.773403,-1.76867,-0.160975,0.933278,1.521121,-0.899982,0.014221,-0.481827,-0.289714,0.729119,-1.408765,0.481902,1.70251,-0.208473,-0.965055,1.27131,1.288108,1.137111,1.064598,0.33633,1.444353,0.611312,0.169756,0.344979,2.67751,-1.078106,1.156658,-1.022241,0.548637,0.223242,-1.428158,1.045908,0.276832,1.503458,3.04565,1.093269,0.447516,0.232742,-1.002449,0.565951,1.98914,1.443381,0.864855,-0.150387,1.07142,1.857361,1.275266,1.011282,0.047589,1.711729,-2.287358,1.227393,3.414869,-0.663826,0.603178,0.836636,0.381964,1.880921,1.316998,0.996847,1.64182,0.861298,4.024412,0.995894,1.039829,-0.865921,0.301097,1.991925,-0.49091,-1.31301,0.876863,2.215292,0.886928,0.508422,-1.013941,1.296801,1.505822,-0.937185,1.979079,1.610243,1.976863
DEMO022,-1.995815,-1.135576,-0.061681,-0.488573,-0.562724,-0.468531,0.280176,0.419761,-0.585197,-2.814803,-1.330513,0.898808,-3.112089,-0.681618,-2.42402,0.514754,1.110192,1.16531,0.034143,-0.278756,1.003343,1.35757,0.808755,-1.266351,-0.123469,0.114702,-2.134431,0.144547,1.948178,0.315122,1.148599,-0.141899,-0.398032,0.056458,-1.140641,-1.288589,0.165907,0.236065,0.103103,0.450854,-2.236376,-1.918677,-1.153626,-0.547438,-0.029481,-0.092936,0.699488,0.730877,-1.290003,-0.179042,-1.265449,-0.605865,-0.095826,-3.82633,1.993626,0.148791,-1.013321,1.509752,-0.765049,-0.285098,-0.904734,1.234374,-0.522603,-0.268134,0.786164,0.167522,-0.471966,0.692773,2.120865,-0.100207,-0.300858,-0.246991,0.892812,-1.016816,-0.695935,-1.955061,-1.601486,-0.935418,-0.473555,1.351465,0.118375,-1.329696,-1.145598,0.957131
DEMO023,0.660163,-0.551761,1.163625,1.119441,0.841813,1.013309,-0.686684,1.297888,-0.181797,0.897271,1.058778,2.329543,0.290375,0.869362,1.745919,1.851956,-0.511492,1.447613,0.392654,0.819423,0.939833,1.473964,0.562332,1.889776,0.789027,1.103798,-0.353649,2.638273,0.949439,1.192611,-1.128572,-0.343088,1.717498,0.766505,-1.434166,1.517904,1.743257,0.644796,0.17412,1.741579,-0.376681,1.008677,2.889306,0.822002,-0.158963,1.027015,0.146638,-0.777469,1.317683,1.734481,0.30574,0.239411,-0.344919,0.466711,0.054278,-0.394386,2.508815,1.083139,1.189042,1.500046,1.387683,0.203537,0.889199,0.347616,1.05511,0.958337,0.233986,-0.712652,0.762884,0.412377,-1.273726,1.124308,1.581989,3.145003,0.225449,0.077935,-0.492774,0.825288,0.818965,-0.19465,0.441717,-1.362019,1.543023,-0.154033
DEMO024,-0.365508,1.373147,-0.74902,-0.969009,-1.415454,-1.694189,-2.199935,0.475534,-1.475389,-1.275634,-0.737128,-2.277764,-0.48611,0.252586,-1.238805,0.716295,-0.782858,-0.490316,0.483932,-1.592515,-1.687869,-0.891521,0.132151,-2.025899,-2.363057,0.128699,-1.298001,-1.087248,-2.551833,-1.374002,-0.70259,0.235356,-1.466252,0.962354,-1.379578,-1.378114,-0.928256,-2.320293,-1.475954,-1.173191,-0.904891,-0.413868,0.545475,-0.160889,0.068565,0.552504,-0.323892,-0.930307,0.115512,0.179409,-0.245034,-2.348228,-1.73506,-1.168454,-0.113979,-0.914946,0.243269,0.421637,0.30557,0.311941,-1.930594,-0.410965,-1.501129,-2.542666,-1.181071,0.431137,-0.432858,1.124209,-0.71637,1.554203,-0.716079,-0.87112,-2.17299,0.216963,-1.395725,-1.540648,0.387631,0.264623,0.238451,-1.255791,-0.944576,-0.953454,-0.111082,0.659965
DEMO025,-1.607526,-1.251851,-0.433734,-0.028759,-0.311912,-1.128589,-0.099164,-1.980996,-0.515907,0.349931,-2.270087,-1.466864,0.484445,-0.122003,1.156151,-0.169746,-0.933231,-0.53634,0.971867,1.084996,-1.198,-0.42364,-0.29105,-1.367447,-0.436892,-0.375884,0.759003,0.826218,-0.710416,-0.59516,0.283086,-0.966395,0.207434,-0.469113,-1.350605,-1.338043,-0.121976,1.484768,0.407072,-0.724922,0.338589,1.215818,1.508166,0.696769,-0.464448,-0.706816,0.085947,1.183852,-0.056354,-0.035591,-0.438725,-0.818014,-0.652257,-0.354697,1.227977,-0.729836,-0.437511,-1.3555,0.226508,0.876556,1.134375,-0.286758,0.084232,-0.643673,0.037896,-0.176158,-0.431858,-0.352369,-0.0382,-0.784275,-0.732619,1.217239,2.220424,-1.69449,-1.749594,-1.447276,-0.593411,0.405658,0.10113,-0.318092,0.038813,-1.182209,-0.734245,-0.510217
DEMO026,0.518447,0.357675,-0.541386,-1.034654,0.16669,-0.193764,-0.000305,1.447218,0.056276,0.245611,2.298469,-0.626081,-1.21016,0.015519,1.046234,-0.557246,1.239529,-0.914461,-0.10962,1.991852,-1.458212,-2.298639,0.885765,-1.227634,-0.421531,-0.986743,-0.132662,-1.351361,-0.580765,0.048991,-1.409134,-1.100909,-0.748208,-1.82964,-0.823386,-0.282028,-2.099562,-1.676656,-1.636912,0.248762,-0.269991,0.095715,-2.355001,-1.998913,0.147869,-3.294016,0.709283,-2.338663,0.327999,-1.403931,0.533558,2.692815,-2.788524,0.180031,-2.323509,-0.088577,-0.722118,-0.385564,-1.427032,0.265195,-1.963704,0.726291,-0.924596,-1.918037,1.079591,-0.582689,1.39229,0.70601,-1.313492,-0.600336,-0.394308,1.010957,-0.077828,-0.339054,-0.715226,-0.565903,0.789246,-0.511641,-0.910343,-1.079853,-1.069111,-1.917442,-1.265721,0.983074
DEMO027,-2.643967,-1.26382,-0.933804,-2.095534,-1.005996,-2.650662,-0.852516,-1.818222,-2.323904,1.018338,-0.964663,-2.023792,-0.375577,-1.400652,-1.655181,-1.527008,-1.275533,-1.911375,-0.564569,0.180346,-1.720012,-0.770433,-1.495249,-0.890144,0.310148,-0.746972,-3.029046,-0.801636,-0.022768,-1.477228,-0.259997,-1.945747,-2.741171,-1.114463,-3.012108,-1.495403,-1.820983,-0.909972,-4.09314,-1.046072,-1.775736,-2.095824,-1.433424,-2.110209,-3.738258,-0.692136,-1.371366,-1.928326,-2.580569,-3.084241,-1.390491,-0.000943,-1.411217,-2.997145,-1.389267,-1.667726,-0.75034,-1.00765,-4.600206,-1.069141,-2.617863,-3.036112,-1.802857,-1.203412,-3.255118,-0.909807,-0.851045,-1.567407,-2.482007,-2.593762,-0.588451,-3.125606,-0.549913,-1.779583,-1.710218,-3.322471,-1.7611,-1.000798,-2.950794,-1.115748,-1.525371,-2.258139,-0.75971,-3.81664
DEMO028,1.823159,1.734922,0.234455,0.850427,-1.922949,-0.669375,0.273049,1.088203,-0.765952,0.878557,2.438885,0.992108,0.149718,0.018825,1.798163,-1.398442,-0.768176,-0.520711,0.448001,0.145604,1.910457,1.465669,1.006594,0.656951,0.904551,-0.350661,1.368531,-0.600723,1.346698,1.697464,0.722186,0.335108,0.911631,-2.350197,0.813579,0.397967,1.004094,2.276848,2.097356,1.04722,0.355732,0.02161,0.354487,1.20122,-0.149831,1.414837,2.790573,0.59553,-0.686982,-0.687332,1.433978,0.597667,1.534244,0.123779,1.488036,0.499114,-0.075091,0.256414,-0.539642,2.646772,0.561031,1.301927,0.120544,-0.394515,0.423532,1.758605,0.136681,-0.213119,0.812877,1.156435,2.300261,1.011163,1.301406,1.376688,-0.495603,-0.305919,-0.426483,-0.674733,1.452873,0.947463,0.736909,-1.935304,2.71289,-0.236859
DEMO029,-0.763181,-1.541535,0.244994,1.527894,-1.646017,-1.306866,-0.917295,-0.760917,-0.884761,0.409357,-2.240164,0.355046,-0.886641,-0.130007,-0.543501,0.21366,-0.567641,-1.633079,-0.634275,-0.425317,-0.377939,-0.330953,0.546497,-1.578907,-0.317172,0.797057,-2.227484,-0.313226,-1.078251,-0.863583,-1.39768,-0.662423,1.348383,-1.757303,-1.662482,-1.794807,1.41812,-2.082935,-1.446094,-2.836543,-0.271568,-1.73495,-1.706693,-2.006207,0.143662,0.07777,1.178341,-1.3194,-0.414874,-1.923028,-0.968732,-1.152538,-0.169243,0.383329,0.357374,-1.476505,0.364775,-0.677778,-0.95829,-1.342205,-1.193629,1.108621,-0.326282,-0.459081,-0.89594,1.812285,0.671317,-1.354755,-0.907308,-0.847938,-0.487821,-1.334919,-0.194877,0.818395,-1.947321,-1.76184,-1.116852,-1.070489,1.364773,0.368016,0.310629,-0.898059,-0.920007,-2.085399
DEMO030,0.247942,1.62361,-1.20988,0.26153,1.833793,-1.639265,-1.113494,1.342125,1.259129,0.973084,-1.501261,0.842615,0.418349,-1.591778,1.740537,-0.449221,-0.01252,-0.389664,-0.931304,-0.222032,2.471362,1.40519,-0.839819,0.660693,-0.818404,-1.763249,1.03263,1.173212,1.059171,-0.456746,-0.153657,0.762884,0.404615,-0.380519,-1.605953,0.126994,0.798607,0.507922,1.302864,-0.193963,-0.124912,0.186913,0.908765,-1.453349,0.752923,-0.003629,-1.04177,-2.067739,-0.119607,1.46458,1.691552,0.372243,1.978873,-0.026074,0.970171,-0.434364,-0.497732,-0.660642,-2.043662,1.303959,-0.624765,-0.784572,-1.163105,-0.187492,1.780359,2.110646,-1.644,-0.337581,-1.017491,1.005205,0.303461,-0.619702,0.08944,-0.460552,1.631113,0.563827,0.68669,-2.65005,-0.049922,2.100078,1.342996,-1.830223,-0.296559,-1.184652
DEMO031,-0.800323,0.05714,-0.039842,1.293348,0.722406,-1.294215,0.494909,0.883741,1.075282,0.696468,0.810438,1.992818,1.74524,-2.347849,1.583794,-0.692804,1.143543,0.836326,1.254932,1.376759,-0.189681,-1.112175,-0.028736,1.393911,-0.03722,-0.189259,-1.316566,2.257432,1.330498,1.27468,1.472509,1.081492,0.260455,0.34102,0.07722,3.139525,2.36011,0.893286,-0.118788,0.683166,-1.958358,-0.435953,0.685452,1.494683,-1.292306,0.267853,1.658694,-0.802445,0.878191,0.714982,2.363388,0.418872,0.477407,1.503968,-0.677341,0.428125,0.193283,0.510096,1.497414,1.203169,-0.099674,0.785707,2.13945,-0.182358,0.794175,0.455847,0.586003,-0.98165,2.059771,-0.125344,1.67508,0.027631,0.023503,1.862131,1.642893,0.857674,1.410159,0.360455,0.64064,-0.012616,1.553073,-0.044405,2.134164,0.333174
DEMO032,0.961942,-0.131008,1.720978,-0.181056,-0.190084,0.987663,0.164815,0.317603,-1.269845,0.576437,1.731011,-0.604314,0.818655,-0.43357,1.02477,0.005057,0.934355,-0.542011,1.973364,-0.192211,0.969943,1.534835,0.853626,0.563328,0.47966,0.412417,-0.107841,0.019374,1.948448,0.360321,-0.316939,-0.04744,1.569228,1.144464,1.029187,0.211337,0.623326,1.361545,0.626682,0.304909,0.572794,1.496635,-0.060035,0.47658,0.613104,1.467402,0.502972,2.411116,0.446279,0.365133,0.431785,-0.713824,-0.43391,0.07215,1.738647,0.569691,0.118173,1.829352,2.153994,1.8582,-0.250273,0.107568,2.416553,0.843957,0.33519,1.321165,1.610116,0.031368,0.822257,1.529377,-0.55747,0.615163,-0.511573,-0.380763,0.039717,1.079937,0.280794,-0.045601,0.654372,-0.544146,1.03162,1.734204,0.523613,0.400168
DEMO033,1.428312,1.113484,-1.020212,1.20342,-0.368923,0.900661,0.046704,2.19601,0.176058,1.180828,-1.152602,2.580933,1.321268,0.536116,1.272017,0.055093,0.43904,1.668459,1.572932,-0.283255,-0.156872,0.807357,2.424787,-1.216911,0.976987,-0.677389,0.064323,0.334226,0.278146,0.164858,0.705861,0.163399,-0.763803,1.478524,1.451527,1.541829,1.27171,-1.1302,1.435087,4.000156,0.775594,0.779145,1.641877,2.543603,1.873238,-1.257337,1.461669,3.4702,1.520711,-0.256332,1.1801,-0.382417,2.131074,-0.057613,0.972514,0.04049,0.351822,2.384421,1.001727,0.339067,-0.246958,-0.973432,-0.353011,1.010229,1.878504,0.337918,2.468813,0.180769,0.660258,-0.181307,1.889032,2.995781,-0.863547,0.552108,2.16305,-0.548676,1.464954,2.119742,0.976499,1.448533,2.659172,2.846696,0.836303,0.365892
DEMO034,-1.52222,0.347837,-0.905084,-1.38112,0.615335,0.143159,0.469182,-1.516184,1.076166,-0.430349,-0.310434,-0.59802,-0.687016,0.588306,-1.644144,0.195508,0.572569,-1.134612,-0.094237,-0.219676,1.738741,1.821086,-1.767766,2.390517,-1.018635,0.877264,0.867088,-1.0991,0.389858,-0.210944,0.45092,0.127263,1.09293,-0.02801,-0.271284,0.992654,-1.052936,0.844009,-1.504731,-0.385529,-0.030266,-0.635958,0.146865,2.431558,-0.254554,-0.568361,0.882376,0.106628,1.30638,0.031732,-0.381379,-1.91668,-1.75269,-1.968654,0.246384,-1.495205,1.122622,-0.102709,-0.377142,-0.97681,0.489303,-0.937453,-1.118333,1.055395,0.221666,-0.367885,0.508478,-0.124024,0.250058,-0.949803,1.937443,-0.712575,1.423061,-0.321824,0.674142,0.601268,1.013896,-0.973579,0.94268,1.713484,-0.391648,-0.098249,-0.656402,-0.479392
DEMO035,-1.037275,1.027881,-0.863951,-0.391191,-0.154385,-1.042964,-0.201255,0.194586,-0.465957,0.056038,-0.876011,1.77257,-2.025093,0.803775,0.135933,0.28735,-1.10905,-1.489726,-1.012185,-1.065285,0.341736,0.531521,-0.599594,0.986456,0.924006,-0.201064,-1.266355,1.130913,-0.505481,-0.318298,-0.784068,-1.334254,-1.913103,0.188405,-1.227864,2.615068,1.13997,-1.575687,-1.513572,1.039448,0.053096,1.548918,-1.021891,-0.445172,-1.23213,-0.428152,-2.345549,0.113502,-0.247979,-0.629007,-0.961817,-1.466207,0.15626,-1.742543,-0.059557,1.502999,0.914069,-2.076581,-1.108191,-0.150002,-0.641735,-1.970858,-0.186137,-0.58147,1.342873,-0.824681,0.596551,-1.838541,-1.599462,0.150209,0.512278,-1.528845,-0.547375,-1.953032,-0.752673,0.26547,-1.006411,-0.820487,-1.701248,-1.219811,1.186658,-0.498528,-1.57376,-0.886225
DEMO036,0.391418,-0.613171,-0.491357,1.282924,-1.120304,-2.492499,1.281812,-0.938254,2.143178,0.909395,0.885043,-0.058073,-0.303322,-0.295504,-1.169778,-1.341087,0.426435,1.445609,-0.019114,0.488538,-1.927252,-0.761216,-1.15732,-1.97875,0.033276,-2.326532,-1.4059,-0.620898,-0.91499,0.312704,0.221876,0.810095,0.66868,1.057109,-0.085623,0.219763,-1.705047,-1.121779,1.25272,-0.250102,1.783111,-0.202967,-0.143598,0.533275,-2.780207,0.09732,-0.156606,1.378419,0.85706,-1.241311,1.134519,-0.369934,-1.012073,0.089484,-0.310389,1.430846,0.233002,0.098039,0.793027,0.985252,0.675986,1.311844,0.501063,0.060032,1.131552,-0.198516,-0.074373,1.613957,1.514305,-0.115795,-0.561171,1.355554,0.692799,0.207962,-0.429492,0.224077,-0.129328,-0.771958,0.021423,0.157804,-0.483015,0.796206,1.181213,0.862278
DEMO037,-0.076397,0.861994,-2.092604,-3.624172,-1.997818,-1.973557,-1.431791,-0.421135,-1.641007,-2.733765,-0.997894,-0.90117,-1.167662,-1.076822,-1.260187,-1.630044,-2.168895,-2.104144,-2.58926,-1.350084,-1.865716,-2.434875,-2.433946,-2.9821,-0.79286,-1.693083,-2.634501,-0.963153,-2.33215,-3.178202,-0.750479,-2.308798,-2.1806,-1.730521,-0.629112,-1.751664,-2.55415,-1.52208,-2.19994,-3.513647,-1.605172,-2.13177,0.315647,-0.820631,-1.566751,-2.028731,-2.114179,-3.281591,-4.016889,-3.150461,-2.325619,-4.383441,-2.822223,-2.525515,-2.493328,-2.939625,-2.619415,-0.554008,-1.615756,-2.838202,-2.346249,-2.306215,-3.045857,-3.047032,-1.267377,-2.697686,-3.372598,-2.321042,-2.159892,-4.250606,-2.318648,-1.409922,-1.826672,-0.048106,-1.026792,-0.828967,0.522184,-1.519745,-2.114831,-1.304161,-2.837138,-2.170215,-2.925629,-1.879917
DEMO038,-1.637036,-2.560501,-0.867551,-0.922605,-2.941518,-0.747916,-1.83381,-2.491871,-2.431075,-3.198345,-1.325933,-1.64633,-2.002869,-4.5185,-2.718585,-0.975591,-2.004458,0.368456,-1.520588,-3.754504,-1.162103,0.42513,0.056452,0.311486,-2.539228,-0.607316,-2.241463,-1.295179,-2.792421,-2.163924,-2.195715,-0.620913,-0.718749,-1.242648,-2.86989,-1.831108,-2.605511,-2.64053,-1.540129,-2.091313,-3.881123,-3.409159,-3.100868,-2.836574,-1.539179,-1.734663,-0.888322,-1.2008,-0.881699,-1.345206,-1.743923,-0.85425,-1.034189,-1.577506,-0.68253,-4.29939,-2.244065,-2.259392,-0.800919,-0.382207,-3.403781,-0.542435,-3.125047,-3.094817,-2.187888,-2.271808,-3.512019,-1.303724,-1.274199,-0.89956,-2.387057,-1.993185,-1.984029,-0.265606,-4.787847,-2.910546,-1.948061,-3.039172,-2.211922,-2.079677,-2.611288,-1.889133,-1.325453,-2.189868
DEMO039,0.729985,-1.150739,-1.660025,-1.464703,-0.707443,-3.053371,-2.675833,-0.307675,-2.093142,-1.067924,-2.819201,0.01019,-1.572543,-1.138475,-2.134951,-0.519159,-0.21065,-0.332449,-2.144054,-4.128368,-3.155796,0.032792,-1.79009,-2.139559,0.253826,-0.123675,-1.364386,-1.682238,-1.520936,-1.161672,0.211213,-0.966367,-0.662806,-0.219564,-2.558511,-0.633973,-2.238839,-1.951409,-1.793081,-3.525964,-1.324091,-2.236646,-0.524109,-1.194591,-0.615578,-2.796648,-2.157031,-3.028103,-2.490836,-0.533539,-0.298154,-2.933778,-2.243922,-1.86184,-1.200039,-3.545455,-3.388645,-1.296018,-3.734683,-2.232442,-1.623553,-1.369979,-1.927363,-2.151401,-0.941074,-1.500439,-2.432661,-1.747922,-1.402475,-0.067407,-0.999321,-0.571088,-2.396252,-2.309827,-2.021024,-1.929217,-2.793669,-0.519711,-0.902293,-2.091322,-1.143934,-1.562745,-1.065816,-3.129952
DEMO040,-0.832856,-1.387711,0.850578,-1.17142,0.670641,-2.100988,1.248753,0.439414,-1.383592,-1.670247,-1.402572,-0.567128,-1.182251,-1.472271,-1.341678,-3.563204,-3.175279,-2.065227,-0.515886,-0.93331,-0.862742,0.903834,-2.316199,-1.074543,-0.742674,-1.783382,-1.018782,-2.647059,0.362797,-1.728724,0.984291,-1.079583,-0.019056,-1.100412,-1.077853,-1.631139,-1.491944,-1.404322,-0.722641,-1.974721,-3.846214,-2.427983,-1.407331,-1.282399,0.337465,-0.763537,-1.264753,-1.378674,-0.2421,-1.936394,-1.486567,-2.435541,0.072623,-0.953784,-2.053807,-1.460738,-0.836632,-1.597002,-1.880754,-2.000557,-1.007321,-1.704337,-1.800041,-2.682345,-1.268643,-1.527507,-1.667932,-1.147513,-0.598281,-0.644718,-0.793555,-1.586953,-1.913282,-2.390199,-1.93944,-1.326633,-2.132569,-1.250226,-2.31174,-3.007275,-0.526877,-1.820698,-2.183317,-2.44013
DEMO041,0.987033,0.719174,-0.469273,0.57717,1.612293,0.075983,1.898937,0.317546,2.731345,0.522499,2.217075,0.789076,1.394717,-0.292855,0.538887,0.737762,-0.364496,0.294719,-0.190336,2.719427,0.330032,1.964995,0.224141,0.679051,-0.901601,-0.02731,0.630298,2.005767,0.641746,1.803483,1.060492,2.047164,0.360721,2.809986,-0.065633,-0.346699,0.962731,1.914603,0.136621,0.324132,1.611327,-1.27075,2.506564,2.983796,-2.166642,0.442192,-0.179252,0.274923,0.12131,1.351454,0.427125,-0.371212,0.36751,1.054479,-0.644026,-1.106538,2.532438,-0.102731,0.402342,0.1419,1.087783,2.312485,1.119629,-0.97867,-0.844428,0.14073,0.271462,-1.182256,1.359036,-0.546625,2.032997,2.360328,0.291442,0.978668,-0.692252,1.163372,0.041503,-0.54754,0.25036,0.073947,0.214536,1.489375,-0.245612,2.274718
DEMO042,-2.597442,-0.923042,-1.807902,-1.24782,-0.987067,-2.611131,-1.831677,-0.518211,0.010636,-0.937661,-2.264311,-2.338176,-2.405054,-2.745539,-2.160806,1.380272,-0.131305,-1.284874,0.29827,-0.263061,1.015374,-2.498586,-1.216113,-1.413274,-2.924436,0.109574,-1.22115,-0.211122,1.409019,-1.303997,-1.371906,-0.832089,0.036494,-1.517466,-1.581715,0.106436,-2.547456,0.393034,-2.238907,-1.22341,-1.712593,-1.566125,-0.421039,0.27743,-0.031872,-1.627253,-1.038142,-2.004475,-2.213947,-2.368698,-1.65997,-0.972791,-3.134212,-1.26875,0.293628,-0.100486,-1.807581,-2.61927,-0.762566,-3.539825,-0.112243,-1.435984,0.608904,-2.949362,-0.30425,-1.322906,-1.553447,-2.59224,-0.626649,-0.546259,0.562731,-0.214346,-1.816292,-2.226259,-2.590888,0.250828,-2.000571,0.257833,-0.697325,-0.892494,-1.529265,-0.561724,-1.237867,-1.59161
DEMO043,-1.993821,0.103904,-0.900881,-2.942907,0.406681,-0.105793,-0.29893,0.716628,-0.421831,-2.66883,-0.599176,-0.571215,1.687583,-1.865553,-0.018431,-2.441799,-1.622462,1.104165,0.004858,-1.159267,-0.56748,-0.383834,0.338663,-1.755334,-1.23802,-0.124115,-0.496905,0.174789,-1.626578,-0.039942,0.694513,0.089748,-0.257959,-0.492954,-1.231922,-0.469069,0.185485,-0.654492,-1.308854,0.089307,-0.574505,-0.021609,-0.964379,-1.719641,1.224555,1.036092,0.373266,-0.89833,-0.810837,0.871808,-0.864349,-1.143075,1.361715,-0.558197,1.257906,-1.908911,0.007665,1.560563,-0.480769,-0.774524,-1.678271,0.571824,-1.280648,-0.605328,-1.745022,1.046375,0.644366,-0.542104,-1.664668,1.025388,-0.876451,-1.615724,-2.272637,-1.156485,-1.965158,-1.13334,0.233889,-0.88592,-0.154826,-1.233854,-0.44535,1.410381,-0.859006,-0.12609
DEMO044,0.585353,-0.017602,2.135036,1.648579,3.681831,1.719417,1.012489,3.109019,1.853145,1.96648,1.517751,1.73311,2.180776,0.59368,2.623896,1.245161,0.474386,0.871943,1.56504,0.990676,1.849493,1.887033,2.253173,2.787749,2.360048,0.429951,0.460655,1.288418,0.913014,0.225863,0.922498,0.889677,0.692342,1.0484,2.542641,1.563428,0.188431,3.274064,1.276752,2.804492,1.630778,2.365538,2.424971,1.301518,2.845865,0.994973,2.531892,1.363753,2.103516,1.291965,1.803934,0.679265,2.001515,1.798146,1.213805,1.69893,1.887963,1.137601,1.6252,0.748406,4.099691,2.813077,2.027052,2.926071,-0.225294,-0.803722,1.354667,0.375394,1.517353,1.959615,2.674373,0.615694,2.153589,1.768348,2.101468,1.234186,3.137093,1.65045,3.52814,0.96357,2.496786,1.69429,1.426216,2.386274
DEMO045,0.031439,-0.523192,0.460512,0.268821,0.895461,-0.877587,0.493293,-1.757768,-0.056397,-0.206024,-1.001058,-0.40745,-1.007305,-1.456466,2.097732,-0.203569,-0.664143,-0.369944,-0.117585,0.061177,1.702634,-1.219398,0.484969,-0.166327,-1.945175,0.396622,0.893546,-1.231254,-0.383011,-2.099431,-1.632884,0.673952,-0.840494,-1.48288,-0.144617,-0.89649,-0.78013,-3.142922,-3.543824,0.791466,0.749302,1.406385,-0.498485,-1.773591,-0.90054,-0.469532,-1.487995,1.167618,1.758547,-0.002676,-0.49182,-1.775923,1.065478,-0.40465,-0.770121,0.000218,-1.066668,-0.334081,-1.923423,0.606131,-0.585367,0.677844,-0.682093,-0.617156,-1.693274,0.278801,-1.356796,-0.967379,-0.479909,-0.359732,-2.187053,-0.711762,0.314274,-0.859294,-0.705688,-0.31855,-0.606917,-1.511472,-0.517302,0.513117,-1.532132,-0.855438,-1.862588,0.460426
DEMO046,0.302108,0.258412,1.528317,2.23589,0.278675,0.312742,0.442902,-0.307472,1.119314,-0.353569,1.508494,-0.384962,0.230222,0.171913,0.30357,1.513717,-0.387342,-0.130974,0.928471,1.743801,2.012552,0.10933,1.711768,-0.009751,2.600601,-0.35938,2.10287,0.117905,2.787638,1.365712,-0.241625,0.252153,1.555573,1.827036,0.703676,0.81905,0.903288,0.145446,1.087912,-0.207954,-0.03785,-0.464488,-0.071133,2.352984,0.262528,1.461871,0.159345,1.75518,-0.030436,1.034874,1.048497,3.323451,1.626071,0.402742,1.680695,3.13382,-0.63399,0.153164,0.758748,0.578558,0.662889,-0.308586,2.399602,-0.426963,0.795433,2.041477,0.965461,0.016252,-0.35303,0.765647,0.238616,1.200877,-0.405805,1.808682,1.111196,1.185482,2.436723,0.557851,0.269829,0.447882,0.803119,0.904681,0.164948,-1.027439
DEMO047,-0.61954,-1.179379,0.018436,-3.185395,-1.760323,-1.716034,0.31684,-0.678017,-1.220041,-0.509588,-3.115499,-1.051441,0.989207,-0.875961,-0.221946,-0.8485,-2.273803,-1.793273,-0.745179,0.235184,0.635684,-0.200769,-0.693008,-0.231485,-1.647049,-1.13353,-1.804429,-2.229041,-0.64675,-0.794785,-0.292646,-0.434187,-0.737654,-0.423682,-1.022982,-0.567407,-1.821313,-0.900558,-1.124126,-0.060829,0.695103,-0.50105,0.122137,-0.49361,0.449515,0.59047,-0.309219,-0.554004,-1.465616,-1.301721,-1.598221,-0.639132,-1.980732,-1.45149,-3.615554,0.462706,-1.480858,-0.804803,0.197403,-0.96009,0.18396,-2.502122,1.136993,-0.173274,-1.051181,0.164695,-2.429019,-1.548999,0.183867,-3.127444,-0.699926,-0.728208,0.708842,-2.843339,0.349247,-1.819855,-1.707393,-2.482388,-2.348236,-0.856862,-2.372716,-0.5201,-1.92335,-2.473418
DEMO048,-2.525794,-1.169076,-1.120594,-0.406542,0.907528,-0.450498,-0.153959,0.326256,0.673733,-2.219339,-1.904199,-0.011581,-0.936749,1.090153,-0.941854,0.153996,0.452708,-0.885391,-0.163877,-0.839312,-0.742216,-1.340639,1.050065,0.849976,0.321724,1.756487,-0.404955,2.816053,-0.443239,0.039484,-0.613487,0.156616,0.619905,-0.329626,1.56101,0.02344,-0.80515,0.059366,-0.554694,-0.243131,0.418867,0.805081,-0.587436,-1.321563,-0.201246,0.193309,-1.738066,-1.167949,-0.996528,-0.485163,-1.038375,0.4297,-1.882474,-1.857059,-0.61123,-0.452994,-1.731985,-0.88409,-0.678385,-0.670639,-0.125459,-0.93892,1.200496,0.210864,-1.084454,-0.182829,-0.153325,0.937381,-0.877723,0.489998,-0.235486,1.214226,1.013551,-0.080361,-0.539623,0.229265,-0.457791,1.402966,-0.198871,-0.682983,-0.736956,-1.490376,0.279218,-1.097352
DEMO049,-1.980836,-1.006977,0.099152,-1.925981,-1.860597,-0.391473,-1.341198,-2.960555,-2.294038,-3.7757,-1.260149,-1.214408,-1.450487,0.052855,-0.727038,-1.906521,-0.579024,-1.13155,-1.605763,-1.773998,1.67424,-1.261,-2.454509,-1.695745,-1.049091,-0.450856,-0.442727,-0.320909,-1.642383,-0.657083,-1.873583,-1.617166,-1.915232,-2.185912,0.066686,-0.308911,-0.184382,-2.575465,-1.155288,-0.132306,-3.434777,0.735736,-1.707815,-1.141434,-0.711081,-0.556401,-1.008646,-0.285145,-0.763459,0.478351,-0.760202,0.682106,-0.381451,-3.08828,1.328573,-1.856874,0.213014,-1.255736,-0.22144,-1.971009,-0.656785,-1.53572,0.296473,-0.843862,-0.346587,-3.446607,-1.368102,-0.871978,-1.058915,-0.321373,-1.648434,-1.233743,-0.101303,-3.561219,-0.693179,-1.616415,-2.194848,-0.945986,-0.055078,-0.243386,-1.417643,-0.406789,-0.414462,-1.369901
DEMO050,-0.560569,0.308452,-0.35268,0.362631,-1.374111,-0.351118,0.832364,-0.536544,-2.500849,0.251126,0.189205,-0.056764,0.615324,-1.530984,0.620681,-0.316672,0.420823,-2.117274,0.507103,-0.178865,0.271125,0.024039,-1.34304,-1.854025,-1.068039,0.208933,0.334107,-1.723927,-1.337084,-1.07922,-0.71329,-1.718036,-1.778036,-1.17782,-0.269731,-1.536579,-1.150775,-1.092929,0.380159,-0.499841,-1.503877,-2.142557,0.374137,-1.004473,-0.127307,0.782012,-1.766619,-0.502832,-0.628389,-0.077952,0.781465,-1.787146,0.112103,0.573829,-0.644072,-0.595142,-0.039245,-0.112878,0.124658,0.103586,-1.439667,0.532572,0.709089,-0.271612,-1.95185,-0.57244,-0.263289,-1.602295,-0.817833,-1.867064,0.149598,-0.291739,-2.103478,-0.10623,-0.514204,0.05872,-0.849227,-1.259174,-1.228539,-0.995865,-0.43887,-0.309736,-0.648415,-0.881014
DEMO051,0.629618,-0.375583,-0.72317,1.526057,0.489356,-0.181972,2.916288,-0.051895,1.656756,-0.779815,-0.022732,2.423901,0.646633,1.747455,0.76652,1.940876,-0.419456,0.675878,1.90708,0.464055,0.308654,2.045819,0.576121,1.986819,1.311289,0.539479,1.362014,1.202773,1.903206,0.333978,0.92353,0.820808,1.586472,-0.142856,1.899301,1.348652,0.783013,3.642141,0.363691,0.576444,4.42827,1.555429,-0.245565,1.977103,0.224377,2.043477,0.923454,0.69462,2.743581,1.700817,2.107405,1.569336,0.689971,1.74577,2.343631,1.269154,2.936059,1.984903,1.346399,1.385903,1.271653,-0.116823,1.044344,1.355602,0.718331,1.472093,1.155723,1.908108,1.797528,1.301569,-0.232797,2.925139,0.992525,1.05353,0.791895,0.646004,2.678474,2.52046,1.578809,1.026916,1.753534,1.208213,0.944193,1.472522
DEMO052,-1.823499,-0.599302,-4.008058,-3.223959,-2.650207,-0.266142,-1.628551,-1.970464,-0.501656,-2.102165,-3.646244,-2.668746,-1.314314,-1.469997,-3.130612,-0.605424,0.420407,-0.811852,-0.386702,-1.728315,-3.475191,-3.657807,-1.558604,-2.405665,-2.728263,-1.876433,-1.198101,-3.266444,-2.262564,-0.303816,-2.888975,-0.943925,-2.298417,-1.267893,-0.716359,-1.072405,-2.77304,-2.079618,-2.127662,-1.728947,-2.95102,-1.621746,-3.238194,-2.904449,-2.860808,-3.403934,-1.31622,-3.300935,-3.030799,-1.076475,-2.902465,-2.520025,-3.343912,-1.498931,-1.485146,-1.592937,-1.794353,-2.258293,-2.856259,-3.146852,-1.041977,-1.567078,-3.025187,-2.292051,-2.631998,-3.460093,-2.154231,-2.747375,-3.284419,-3.811015,-3.895686,-2.703309,-2.416978,-3.207183,-1.681143,-2.397429,-1.754997,-2.514793,-3.119,-2.217765,-3.594557,-1.792444,-3.269032,-1.41365
DEMO053,0.717011,1.201741,-0.705737,-0.685112,0.882237,0.492698,-1.097881,-0.255165,-0.112544,0.103708,-0.906736,-0.159194,-0.259433,1.240711,1.365304,-0.695449,1.569805,-0.396548,0.715687,0.714391,0.941267,0.793102,-0.387665,-0.893723,1.328494,0.641979,1.605522,0.411412,-0.94902,1.422275,0.085774,0.798148,-0.191315,2.100447,-0.42042,0.118715,0.248016,1.649005,-0.536151,-0.091298,0.967407,1.756969,2.253081,0.627838,2.424218,0.296807,1.68524,-0.355709,1.006672,-1.755221,-0.535119,1.053149,-0.725967,1.013422,1.49293,0.085152,-0.382481,0.112285,-0.37934,0.485258,0.688563,0.280462,2.260831,-0.132932,1.977905,-0.454767,0.659249,1.769577,1.717829,0.166214,1.141542,1.007651,0.046533,1.202422,2.448964,1.058173,1.152828,1.258627,-0.874505,1.046697,-0.430288,-0.003415,2.748414,0.33321
DEMO054,0.786474,0.050065,0.515879,0.395855,1.015503,1.044744,1.065876,0.110944,-0.135285,0.396679,-0.559821,-0.890078,-0.683467,-0.378059,0.357071,-0.84256,0.580142,1.861533,-0.24084,0.644765,-2.499813,0.210693,-0.06342,-0.568875,1.331073,-0.076621,0.072145,-0.12757,-1.667193,-0.882364,1.210716,-1.860328,-0.516693,-0.150098,1.993244,1.018226,-0.419231,1.473526,-0.626734,-0.126476,1.569995,0.363711,-1.240654,0.864933,-0.075523,1.860795,-0.285244,1.372169,2.096641,-0.53,0.12773,0.709568,-0.536403,0.591238,0.096023,0.075875,0.369881,0.392208,0.484824,-0.277883,-0.234229,0.202355,0.276185,-0.117906,0.644883,-1.493819,-0.409523,0.041015,-0.535172,1.950141,0.339805,0.497713,-0.162288,0.305164,-0.89431,0.151126,-0.616065,0.043539,-2.238974,-0.80706,1.784869,1.151341,1.639982,1.708664
DEMO055,-2.214022,-2.841419,0.407595,0.593575,-1.614773,-2.453985,-1.805156,-0.479622,0.088034,-2.22878,-0.616553,-0.861618,-0.300173,-0.654621,-1.181028,0.680656,-1.364373,0.385242,-1.982735,0.4494,-1.029991,-1.652362,-0.841001,-0.346513,-1.118606,-0.069904,-1.206851,-0.003485,-0.181635,-0.684781,-1.06524,-0.472317,-0.073604,1.437942,0.315563,0.352132,-0.129115,-1.254971,-1.839353,0.344642,-0.737534,1.69192,-1.1672,1.170793,-0.958894,0.533946,0.894589,-1.825052,-1.287101,-1.835082,-2.032047,-0.135036,-0.998731,-0.749736,-0.245863,-2.659489,0.484664,-1.151197,-0.269701,-0.18139,0.568694,-0.90696,-2.92574,-0.744975,-0.601396,-1.836363,-0.654612,-1.163121,-2.144856,-0.130618,-1.365828,-1.208482,-1.264681,0.433376,-0.843019,-0.723003,-1.242739,-0.339236,0.547216,-0.154242,-0.115235,-0.195872,-2.182345,-1.678221
DEMO056,-1.347023,-0.51522,0.351537,-0.92976,-1.817775,-2.339188,-3.015342,-2.824132,-1.532319,-0.532962,-3.77593,-1.216016,-0.37212,-1.714768,1.570151,-1.002402,-1.033717,-0.814346,-2.527327,-1.962262,-2.02453,-0.870747,-1.692535,-1.380137,-0.430906,-0.65521,-1.680082,-2.188356,-0.383086,-0.74447,-3.124618,-1.831515,-1.352845,-0.739531,-0.608259,-1.234455,-2.157165,-2.678042,-3.016715,-3.824354,-3.298707,-2.208704,-2.021604,-2.745232,-1.873253,-2.386012,-0.861605,-2.113804,-1.255847,-1.748964,-3.354249,-2.042836,-3.187802,-2.060299,-2.697309,-1.570215,-3.294532,-1.937476,-1.379763,-1.044583,-2.716346,-1.934427,-1.768031,-0.405052,-3.433508,-2.863281,0.852284,-2.225275,-3.843172,-2.534728,-4.721051,-1.711257,-1.142393,-2.86384,-2.422902,-1.028524,-3.702394,-3.273749,-2.180293,-2.704513,-2.246045,-3.215928,-1.737865,-2.101411
DEMO057,0.083581,-0.227135,-0.942938,2.120885,1.857298,1.208178,0.628102,-0.625169,-0.041466,-1.543014,-2.266443,1.020666,-0.907095,-0.377628,0.660984,0.139873,-0.598116,-0.185528,0.094727,0.041057,-1.809837,-0.321747,0.131942,-0.205634,-0.171088,0.563727,-1.003221,-1.552306,-0.272434,0.83985,1.763289,0.857864,-1.392528,-0.156631,0.33237,0.253327,0.646565,0.297774,0.304065,-1.348933,0.589966,-0.233492,-0.069223,1.145639,-0.622061,1.448559,1.54185,0.850159,-0.883246,-2.088918,1.17621,0.20876,-0.647823,1.270937,-0.764184,-0.32678,0.622265,-1.016228,-0.012106,1.186512,0.308486,1.344801,1.230977,0.105113,-2.239367,-1.008397,0.860709,-1.452877,-0.229318,0.435855,1.566946,-0.477645,-0.546113,0.044929,0.448288,-0.056872,1.146643,-0.701769,0.217536,0.542588,-0.302858,0.937085,0.246333,0.886221
DEMO058,-1.450343,0.325527,0.110134,-0.086947,0.720173,0.105878,-1.958294,-1.981822,-0.74569,-1.301429,-0.193881,-0.119314,-0.251002,-0.333251,-0.016663,-1.473016,-0.491024,-0.135645,0.269704,-1.361686,-0.901124,-3.259785,-1.177429,-1.080382,-1.575552,-0.390355,-0.611913,-2.815181,-0.340459,-1.484291,-0.070278,-1.837819,-0.525961,-0.839131,-0.252865,-0.43127,-0.520711,-0.338411,-1.347207,-1.345587,0.509581,-0.079305,-1.73778,-0.533952,-3.088591,-1.288755,0.246213,-0.839961,-0.596902,-3.731196,-1.107069,-0.376543,-0.249525,0.247541,-0.925073,-0.880471,-2.046933,-0.919337,-1.97639,-2.562685,-1.799995,0.79387,-0.985376,-0.494938,-1.228311,-2.505366,0.221298,-2.887013,-1.269608,-0.76943,-0.484326,-1.441285,-2.552777,-1.515908,-1.463573,-1.487909,0.255243,-1.928418,-0.413836,-0.556518,0.24564,-0.847947,0.076316,-0.887035
DEMO059,0.97269,0.869582,0.573468,-1.550935,0.316297,-0.323516,1.829059,-0.816303,0.196355,1.38398,1.51583,-1.170473,-0.061065,1.609411,-0.010854,-1.291962,-1.232898,-0.339577,0.23603,-0.363938,0.869522,-0.034911,-0.720703,-0.033786,0.47017,0.569195,2.122689,-0.424599,0.170831,0.670434,0.220887,-0.256308,-1.304947,-0.266525,-0.829392,-1.482297,0.748505,-1.188828,-2.324165,0.69166,0.745296,0.789615,-0.21082,1.803835,-0.145765,0.734992,0.908749,2.032853,-0.002917,-0.33908,-1.184032,1.86648,0.735524,0.767174,3.430817,0.639158,-0.988209,0.118209,-0.66067,-0.081756,-0.088477,-0.272912,-1.07917,1.906615,0.612961,0.088641,1.071751,0.78518,0.589804,0.999111,0.448048,0.984334,1.067225,0.476832,0.093718,1.844511,-0.163789,0.705426,0.728021,-0.295445,-0.493709,-0.039739,-0.178104,-1.144018
DEMO060,-1.257989,1.703669,1.750847,1.381073,0.277066,1.372477,0.531679,0.218863,-0.194084,-0.360201,0.311819,-0.228774,-0.018978,0.102199,-0.772734,-1.024147,0.606731,0.624037,-0.880935,-0.237284,-1.835298,-0.471395,0.421927,0.847883,-0.690102,1.0748,-1.492747,-1.224683,0.732607,1.694066,0.516377,-0.017398,-2.172239,-1.999502,0.152354,-0.335118,-0.621995,0.295723,1.295444,0.583892,-2.570034,0.670804,-0.528651,0.48258,0.015365,-0.163187,-0.072735,0.007076,1.373905,0.00984,1.115037,0.969406,0.696546,-1.757118,1.146133,-0.428401,0.745228,-0.943032,-1.155574,2.005889,-0.927483,1.175607,0.147921,-0.39062,-0.015328,-1.271594,0.015746,-1.05324,-0.365943,0.9548,0.283691,-1.45267,0.880989,0.022401,-0.512685,0.776177,-0.137706,-1.136161,1.87731,0.012213,-0.051885,-0.375605,1.209466,-0.495378
DEMO061,1.613832,1.804576,0.508308,1.99877,1.662165,0.299127,1.05185,2.262051,4.644166,-0.047065,2.053934,0.969731,2.307324,1.776479,0.576033,1.7474,1.796999,2.626284,1.81847,2.910262,1.689862,1.566533,2.74618,0.703427,4.496315,2.057125,2.062697,2.206964,3.559004,2.474375,0.076812,3.085338,1.340971,1.789023,0.402614,2.20807,0.617422,1.483724,3.489176,2.994534,1.907386,3.535657,2.910344,1.895812,1.996492,2.491719,1.330515,2.166907,2.470915,0.475435,1.973081,1.859345,3.19047,0.317905,1.780895,1.680647,3.122472,2.118855,3.958496,2.824615,1.752179,2.40206,1.808333,3.021798,0.830204,1.338706,2.618091,3.388158,-0.039567,3.536873,2.022266,0.278527,-0.839326,0.633015,2.142697,2.096503,2.795602,1.612914,1.054361,1.749315,2.196012,2.393174,1.373237,3.063848
DEMO062,-0.290553,-0.319085,1.558206,0.654858,-0.22791,0.009432,0.503351,0.917002,-0.066083,0.873548,-2.602802,1.331948,0.116558,0.819339,-0.902698,-0.151154,-0.535422,1.673689,1.730937,-0.20481,-0.187346,-0.624766,0.854683,-0.580243,-0.672661,0.727269,-0.789623,-0.289078,-1.832634,0.452867,1.689544,0.469902,1.210476,-1.097426,-0.014999,-1.194483,-0.944527,-1.192847,-0.865522,0.75171,-0.455927,-1.017644,0.602978,1.819618,-0.113447,0.910712,0.712948,-0.92877,-0.296496,-1.605675,-0.528072,-0.94932,-0.726016,-1.073025,-0.610227,0.209103,-0.442622,-2.187503,-1.069251,-1.842529,-0.07907,0.180187,-0.066582,-1.110534,-0.076276,-0.793244,-1.461356,0.4188,0.494898,0.625765,-0.931479,0.856232,-0.816712,0.330371,-0.834043,-0.547112,-2.744308,-0.625043,-0.23204,-0.73318,1.433058,-1.485596,-0.886711,-1.228003
DEMO063,-0.979285,-1.226411,-2.105925,-1.174549,-1.769596,-2.273813,-2.325253,-1.936147,-0.959439,-1.122415,-0.822309,-0.020862,-2.870598,-0.131558,-1.302438,-0.302461,-0.972852,-2.487313,-2.389701,-2.455836,-0.58322,0.989222,0.287786,-2.970658,0.346404,-0.138272,-2.619972,-1.377874,0.02085,-0.524239,-2.383767,-0.46393,-3.212173,-1.297495,0.063284,-1.056278,-1.945499,-0.350309,0.09631,-2.082514,-2.104729,-2.53885,-0.075436,-0.260717,-1.487703,-2.777821,-2.688384,-1.211092,-0.832384,-3.447866,-1.703032,0.236574,-1.599231,0.107916,-0.732675,-2.466001,-1.674393,-1.510416,-2.334233,-2.35159,0.125047,-2.359082,-0.303286,-1.818206,-1.407361,-0.819877,-1.98028,-0.813817,-3.428151,-0.942014,-3.850252,-1.608568,-0.527479,-0.759426,-2.680132,-2.551386,-2.070394,-1.195506,-3.413655,-1.394945,-1.070292,-1.664759,-0.856401,-1.157997
DEMO064,0.690497,0.57054,-1.607432,0.056591,1.174977,1.238499,0.2019,-0.010164,-1.277498,0.696666,-2.22049,0.842012,-1.298488,0.247076,-0.310698,1.077586,1.162991,1.498279,1.062582,1.269614,0.921148,0.453768,0.277748,-0.04902,-1.024129,-0.767072,-0.093775,0.429692,1.629052,0.146442,1.191716,1.267555,-0.043207,0.78293,-0.055289,1.510375,-0.299632,-1.694167,0.375435,-0.711053,-0.336321,0.721146,1.659355,0.203962,0.796087,-1.202457,0.487546,0.182116,1.47125,-0.298436,0.000384,1.300837,0.149988,-0.866819,2.793655,-0.836571,0.177322,0.58871,0.50964,0.052278,0.057262,0.00709,-0.873912,2.392241,0.022031,0.838953,-0.092631,-0.112742,-0.213422,-1.307824,0.081401,-0.164986,1.413547,-0.954678,-0.335125,-0.656418,1.684553,-0.627386,0.804322,1.212184,0.095899,-1.134789,-1.122132,1.101786
DEMO065,1.245834,0.25891,-0.625049,-0.863702,0.564602,0.599277,0.118428,1.407135,0.058941,-0.456542,-0.269006,1.510479,0.773893,-0.148034,0.86684,-0.959487,0.392521,1.879109,0.049765,0.678712,0.776875,-0.805626,0.741704,-1.162839,-0.394628,1.306719,0.587753,-0.073481,0.677458,0.170904,0.243575,0.887815,-0.496371,0.271333,-0.081272,-1.354607,-0.963598,0.689022,0.411345,0.674128,0.76858,-0.636675,-0.678533,1.011923,-0.332349,-2.453153,0.945751,-0.739266,0.764131,1.689817,0.313758,1.292761,0.450793,1.884425,-0.765112,0.288781,0.970157,0.106584,1.449215,-0.135044,2.366367,2.419193,0.579068,0.849597,1.488667,-0.890202,-1.015004,1.553414,0.570984,0.07049,0.308119,-2.089046,0.106433,-0.456051,1.215067,1.292026,0.873676,0.692454,-1.200351,0.887639,0.926393,1.542188,2.415205,-1.395565
DEMO066,2.646519,2.459167,1.226959,0.114982,1.040081,1.576419,1.231476,-0.099255,1.856397,-0.291893,2.219719,1.596544,3.854874,0.367787,0.506691,2.995353,1.81187,0.103559,-0.113207,1.314983,2.988333,1.240389,2.734147,1.779078,1.898397,0.091426,2.36467,1.092215,2.290239,0.612977,1.604196,1.77915,1.273114,1.831692,1.16075,0.778087,1.446426,1.092637,2.00741,1.848305,1.600821,2.862508,0.733489,0.793782,0.810678,1.474576,0.606313,1.786332,1.669413,1.048388,2.708669,1.775403,2.897551,1.639853,1.810708,1.272121,1.827857,2.547135,1.423569,2.353315,1.022156,2.593954,1.254997,2.686583,1.89588,3.355857,0.680836,0.358726,1.218686,0.450292,0.452168,2.456454,1.830724,1.355222,1.447941,1.237666,3.485272,1.099398,0.512769,2.630954,1.619148,3.873677,1.308698,2.680887
DEMO067,0.633028,0.257217,1.087996,0.331154,0.207045,1.146564,0.799258,2.700208,2.09331,0.205708,1.125888,0.90392,1.183876,0.20324,2.48235,1.92582,0.116002,1.445311,0.134188,-0.307818,1.910676,-0.827233,1.803723,0.624144,0.66532,1.286618,1.458066,0.050524,1.594592,0.990237,-0.379188,0.706992,2.258146,2.553462,1.594215,-0.313477,2.209598,0.606064,0.384479,1.868767,1.702292,-0.28321,-0.001035,-1.40903,1.722787,0.865573,0.96525,-0.564044,0.029298,0.649441,0.455075,1.245236,1.710868,3.397013,1.107383,2.242803,0.297427,-0.547546,0.775099,-0.470322,1.142073,0.346946,-0.826871,2.863425,0.589838,-0.510219,2.025572,0.398786,2.217566,0.394006,0.586502,1.472232,1.72062,1.895884,1.037659,1.656017,1.873029,1.327969,0.984742,-0.317895,1.726574,1.169574,0.713784,2.405167
DEMO068,-0.045122,0.600975,0.630075,-0.782558,-0.12437,1.794648,0.2961,-1.212632,0.520544,0.835441,0.158001,-1.22963,1.373953,0.749946,0.865322,1.225576,1.100423,1.159669,0.737978,0.302302,-0.233653,-1.523221,0.714356,0.560767,0.93229,-0.962829,1.019731,2.42926,0.453165,0.313049,0.683717,2.407052,-0.648933,0.577922,-0.424943,-0.17229,-0.946058,2.125812,0.459503,0.799294,0.086732,-1.185297,0.342166,0.816521,1.158001,0.283743,-1.710764,-1.059885,2.533796,-0.61076,1.908825,-0.452311,0.29932,1.106984,-0.338419,2.073991,0.557504,0.942627,0.214169,1.140496,2.060569,0.35049,2.211489,-0.12982,1.245872,0.97089,-0.586806,0.695586,0.489142,-0.371416,0.839778,0.628065,0.409189,0.413198,0.391766,0.114076,0.62161,-0.162138,3.138585,-0.927557,-0.10296,-0.023966,2.522269,-0.838359
DEMO069,0.301223,-0.653352,-0.398542,1.492413,1.49422,1.345692,0.854352,1.299767,0.079698,0.554957,1.042556,2.808788,0.940864,2.220581,1.486878,2.883791,3.337459,1.98461,1.159873,4.029207,1.108914,0.965332,-0.238475,2.93256,2.504714,3.954274,0.146945,2.994639,1.606604,2.342568,-0.111309,3.00455,2.322985,1.497558,2.181581,0.770973,2.401381,2.223853,2.309061,3.211802,3.191288,1.524502,2.169476,0.111357,2.074552,1.181469,1.789076,0.290087,2.380331,0.27889,2.123744,0.748953,1.125818,3.130191,2.563377,3.124662,3.535186,1.20262,3.474431,0.509953,2.721559,1.482121,1.045159,2.589929,2.92041,2.890727,2.190319,2.107416,2.502325,2.279223,2.516815,2.179458,2.818243,0.348251,1.844185,0.591612,2.252161,3.617389,1.501374,2.102711,2.731946,-0.092264,1.453348,2.339975
DEMO070,0.025427,-3.861597,-0.792829,0.372675,-2.316544,-1.56857,-1.82218,-1.035917,-1.42526,-0.410807,-1.818675,-2.856392,-2.665813,-1.815742,-1.827641,-1.711646,-3.100929,-0.386443,-0.056608,-1.949545,-0.899998,-1.513742,-0.919927,-1.875778,-2.131626,-0.196126,-1.312072,0.773908,-1.201891,-2.174279,-0.02126,-0.617401,-0.521328,-0.057601,-1.900998,-1.375455,-4.501825,-2.581639,-0.503972,-0.601833,-1.230512,-0.722632,-1.389726,-1.049435,-1.920484,-1.489017,-2.237201,-0.341347,-0.083271,-0.224917,-2.012939,-2.558604,-0.327856,-1.060923,-1.276246,-2.238462,-1.179166,-2.690108,-0.970768,-0.225943,0.026215,-0.896306,-2.986852,-1.4075,0.534852,-2.473442,-1.664012,-0.191306,-0.987696,0.875326,-2.3377,-2.594586,-0.380705,-2.800709,-1.801598,-1.670477,-0.568841,-0.990562,-1.147765,-2.007261,-0.389826,2.420994,-0.913548,-1.505158
DEMO071,-1.392643,-1.534098,-0.966014,0.787734,1.197635,-0.975691,-1.939992,-0.28072,-1.1567,1.683675,-2.428646,-0.487298,-1.818885,-1.184333,-0.843189,-1.962486,-0.935329,0.66464,-0.434401,-2.0178,-2.227579,0.993037,-0.762058,-1.319149,-0.945731,-2.149047,0.751356,-1.064792,0.695662,-0.620087,0.757793,-0.415045,0.181494,0.047354,-0.048448,-0.323805,-2.161528,-1.501146,-1.077375,-1.398265,-0.879742,0.914352,0.383502,-1.022497,-2.071945,0.473703,-0.912719,-2.590165,-0.151234,0.162022,-3.289573,-1.688219,-0.974119,-0.129154,-1.379411,-1.695806,-0.136495,-1.331987,-0.32161,-1.97518,-2.215998,-0.108395,-0.611145,0.058791,-1.396258,-1.65877,0.497054,-2.386623,0.387796,0.45684,-0.003575,-1.551472,-1.680188,-1.07372,-2.158704,-1.825359,-0.21893,-0.214315,-1.913239,-0.187543,-0.409361,0.646222,-0.294528,0.194916
DEMO072,0.978484,-0.890999,0.827115,-1.019875,-0.795518,-0.561101,-0.859283,-3.326073,-0.763876,0.902205,-1.45414,-0.740894,0.02422,-1.164656,-1.205755,0.94253,-1.879842,-0.968597,-0.958019,-0.570464,-1.402377,-0.658158,-1.141747,-2.554857,-0.963352,-2.07347,-2.707291,-0.836031,-0.485021,-0.446207,-0.405734,-2.905494,-2.333922,1.000617,-2.020113,-0.362064,-0.7738,-0.270948,-2.537995,-1.372622,-1.28986,-1.494627,-0.806991,-0.616498,-0.85862,-1.427821,-1.986608,-0.153691,-0.901145,-2.269491,-1.444565,-2.994177,-1.215507,-1.449257,-1.825344,0.333723,-2.407032,-0.544485,0.935831,-0.17361,-1.282416,-2.384946,-2.61294,-1.662429,-1.937878,-1.970424,-1.577191,-1.353125,-0.765666,-2.488674,-1.933121,-1.41055,-1.446363,0.585546,-1.018631,-2.864467,-0.832696,-0.705214,-1.376006,-2.464274,0.507177,-2.320761,-0.590105,-1.050827
DEMO073,2.789044,0.461476,-1.097074,0.579188,-0.751642,-0.87956,-1.001955,-2.696731,0.219996,-0.534163,-1.433678,-0.294398,-1.004675,-0.949421,-1.096238,-0.329628,-1.042554,0.152241,-0.272526,-0.85759,-1.459472,-0.141526,-1.622019,0.018181,2.217185,0.94087,0.309048,-0.494908,-2.348053,-1.731587,0.873493,-1.199056,-1.108552,-0.574951,-1.471347,-1.636069,0.074567,1.180615,0.035396,-1.084907,0.579749,-1.157343,-0.362685,-1.819327,-1.559524,-0.474857,-0.158157,-2.228634,-0.028956,-1.345672,0.753445,-0.878208,-1.649866,-0.450439,-1.442478,0.742702,-0.525713,-0.67792,0.065558,-1.531191,-1.815397,-0.117892,-1.625914,-1.626253,0.310513,-0.001179,-1.780073,-1.145379,-1.429975,1.250076,0.379767,-0.947088,0.049951,-1.882429,-1.198889,-0.42138,-0.074012,-0.623702,-0.27823,-0.447907,-0.689821,-0.822389,-0.952508,-0.294306
DEMO074,-0.468085,-1.345601,-1.09811,-1.362701,-1.040103,-0.95172,-0.88053,-2.825203,-0.439506,-2.884507,-2.149522,0.436125,-0.359466,-1.389217,-1.495995,-2.33705,-2.186539,-2.226711,-0.92316,-1.677646,-1.624092,-0.848575,-1.58756,-1.723774,-0.97507,-0.777323,-1.592594,-1.364913,-2.227311,-2.306203,-0.676373,-1.000578,-0.990222,-1.164666,-1.399317,-0.749109,-1.447711,-1.660167,-3.037123,-2.857454,-1.459644,-0.386853,-1.706111,-2.270195,-1.634186,-2.995348,-0.549583,-1.671932,-2.527984,-2.025322,-2.385563,-0.546856,-2.060766,-1.703161,-1.2848,-2.599293,-1.664817,-1.584091,-3.412605,-1.60583,-1.904288,-1.72856,-1.822897,-1.599356,-0.521183,-3.038034,-2.200679,-1.191908,-1.3776,-1.399121,0.895051,-1.244391,-0.727589,-2.165598,-2.851439,-2.172844,-1.146566,-1.451698,-1.455275,-2.072871,-2.232329,-2.038384,-1.134051,-1.017799
DEMO075,-1.301816,1.301724,-0.346868,-0.807148,0.57674,0.719132,-0.254567,0.156691,0.759238,0.723486,0.595092,0.655131,0.471588,-0.756016,1.602017,1.578136,0.566131,2.053901,0.895369,1.299285,0.948996,0.913915,-0.068843,1.368259,3.512203,0.292113,0.737903,0.220703,0.178889,2.211358,-0.006063,0.192828,-0.920584,-0.090703,-1.041491,1.298713,-0.148788,1.619796,0.206733,1.326375,0.665488,2.423242,0.439379,1.036066,1.464047,-0.016505,0.784597,0.590869,0.34364,0.417731,1.969468,0.258903,1.423862,1.172049,-0.539526,1.376623,-0.556059,1.485546,0.350262,0.865821,-0.436826,0.979836,1.784404,0.050488,0.250287,1.312075,1.337072,-1.576726,2.87286,1.386007,1.554372,0.713913,-0.9979,1.532176,0.292266,1.401385,0.638653,1.095493,0.082457,1.721843,-0.330925,3.103023,3.095402,2.490153
DEMO076,-0.915729,0.608809,-1.564398,-0.629166,-0.807097,-0.26881,-0.756511,0.674624,-1.608335,-0.429556,-1.059754,-0.12865,-0.628634,1.237393,2.566363,-0.600013,-1.900092,0.666666,-0.960259,1.066013,-0.515363,-0.86515,-0.411291,0.524443,-0.460754,-0.730059,-0.432165,-1.505189,0.163698,-2.02006,-0.677455,0.526051,0.069714,0.356987,-0.29838,0.936412,0.975478,-0.384549,0.866546,-0.396177,-1.853518,1.203201,0.828824,-0.33134,-1.525185,-0.886201,-2.121146,0.64508,-1.90331,-0.01317,-1.143694,-1.726704,-0.061646,-0.6338,0.538188,-1.567606,-1.057315,-2.687643,-2.484347,1.498192,1.783598,-0.207274,-1.123829,-0.59845,0.573574,-0.81439,-0.062367,-0.312757,-0.868813,-0.826193,-0.00668,-1.276889,0.151729,-0.77158,-0.172633,1.083962,-0.468193,0.619804,-2.092033,-0.770364,-0.272312,1.62333,-2.259953,-0.396211
DEMO077,-1.191942,-2.478699,-0.746524,-1.407804,-3.362753,-3.429398,-1.081888,-2.900274,-0.917243,-2.363123,-2.165467,-1.274652,-2.080218,-0.695615,-0.619647,-1.098206,-0.616801,-0.793923,-1.98381,-2.888246,-1.123984,-0.998257,-0.453875,-2.480668,-2.450778,-1.084446,-1.615514,-3.430108,-1.169238,-3.39677,-2.489603,-0.192665,0.280532,-2.760003,-1.873738,-1.501724,-0.5289,-2.770609,-2.198427,-1.65385,-1.80108,-0.419818,-1.537115,-0.657816,-2.345597,-2.726114,-2.211312,-3.144692,-1.502077,-2.371467,-2.657377,-1.48693,-3.129304,-1.215086,-2.463926,-0.826492,-2.378326,-1.353679,-1.806026,-1.241687,-1.875642,-3.648986,-0.976795,-2.073271,-1.196072,-1.295342,-2.758885,-2.900384,-1.330233,-2.288838,-1.049159,-2.163789,-0.962179,-1.562284,-1.697614,-2.3596,-1.753161,-0.792736,-2.039804,-1.454414,-1.939228,-1.860984,-0.262178,-0.783858
DEMO078,-1.027898,-1.236546,-1.118999,-1.043562,-0.790019,-0.067929,-1.871335,-1.715772,-1.753196,-1.662464,0.002366,-0.468029,0.613119,1.170819,0.714869,-1.559227,-1.543242,0.482368,-1.441147,-0.344156,-2.543501,-1.237591,-2.725955,-2.121792,-0.227157,-1.116263,-1.385464,-1.815108,-1.287014,-0.765245,-0.083442,-3.691505,-1.898119,-0.907262,-1.165221,-0.662982,-1.291628,-1.156578,-2.072902,-1.544003,-1.061634,-0.520418,-0.621811,-2.480291,-0.394049,-1.459805,-2.358023,-0.034647,0.092247,-1.107285,-0.662238,-0.603583,0.02474,-0.642963,-2.69872,0.638776,-0.305375,-1.880556,-2.400657,-0.866218,-1.649292,-1.041036,-0.627625,-1.937474,-2.48714,-0.985213,-1.90442,-1.224936,-2.714358,-1.623214,-0.65608,-0.765099,-2.15939,-2.539296,-1.355268,-0.809999,-0.965857,-1.883192,-1.073207,0.131324,-1.165887,-3.00418,-1.167831,0.672925
DEMO079,-0.797591,-0.858458,-0.77981,0.602431,1.558461,-0.117826,-0.692122,0.409014,-0.837605,-0.439011,-0.291488,-0.71856,-0.713292,0.194311,0.59673,0.024322,-0.197664,0.083688,1.477932,-0.402818,0.266383,0.512532,1.88954,0.028881,1.287996,1.561169,0.265435,0.118471,0.000136,0.073366,1.183429,0.5602,0.564479,-0.796034,-0.638301,2.472636,-0.864147,0.452968,0.196908,0.519127,0.617496,1.563216,0.508027,1.700503,0.305588,0.073107,-0.245939,-1.393843,0.699025,2.477244,0.881479,1.109991,0.010212,0.17891,1.407885,2.431937,1.911192,1.228488,0.458394,0.632963,-0.330264,-1.024924,-0.703555,0.473044,0.131251,-1.046198,0.38592,0.104813,-0.749605,0.053065,0.102291,-0.193393,1.349914,-1.479658,-1.562555,0.426529,0.519371,0.827459,-0.11573,-0.49468,0.415928,-0.018334,1.974315,0.099016
DEMO080,-1.663573,-0.865866,0.00509,0.280398,0.429738,0.876708,-0.311542,1.747304,-0.012577,3.714746,0.453792,0.977194,-0.390164,2.611268,0.702207,0.105261,2.311132,1.161841,1.458188,0.741986,0.56136,0.710447,-0.502705,0.792105,1.176066,2.730496,0.966032,-1.454144,0.786047,3.619537,1.746399,0.069144,1.471139,0.138019,-0.473775,0.531664,1.078286,3.606889,0.936711,1.687628,1.77778,1.862873,1.420958,1.325312,1.231805,0.555477,1.45699,3.160117,2.342153,1.435389,1.987301,0.262295,0.870959,2.079321,2.618638,0.360605,0.647883,3.312847,1.227732,2.954833,1.338328,1.377651,0.82598,2.074026,2.489248,0.096469,0.77902,2.046549,1.001922,0.638085,2.141013,2.234924,0.681829,1.343837,-0.077004,0.23599,1.255636,1.162878,0.164595,0.415497,0.066426,1.586531,-0.836168,0.119894
DEMO081,1.684985,3.046071,1.320714,1.134413,2.475606,0.461089,3.27597,2.453385,0.809667,2.367136,1.035038,3.618825,2.965664,2.251908,2.188094,0.224412,0.947408,2.106903,1.688394,2.491379,0.881899,2.810681,0.912808,3.739302,0.380809,1.004013,2.513938,3.760801,2.41161,2.659425,2.114104,1.070169,1.606429,0.884658,0.817857,2.498316,0.832645,3.114607,0.892853,2.727316,4.335111,4.369021,0.889679,2.993996,1.706615,1.502451,2.582117,3.923878,3.295246,1.980446,3.400621,0.451878,1.942641,1.871695,2.773907,2.492759,2.554116,2.520867,2.717994,3.235718,2.844918,2.411235,3.097335,3.52171,2.139561,2.636184,3.857493,1.592826,4.500289,1.356432,2.350222,1.745397,4.883514,2.192237,2.194746,2.324838,2.79119,2.367145,2.5627,-0.833623,2.752747,2.713393,3.734156,4.004648
DEMO082,3.303554,3.016416,2.76642,4.502139,2.291655,4.974161,0.710596,2.163555,3.834733,4.359855,4.256141,1.554958,3.448524,4.162487,1.936378,3.37911,1.757733,3.355939,2.570873,4.466171,3.383274,4.295338,2.303909,3.115699,2.078468,2.64595,2.797451,2.333697,1.844053,1.646038,0.719807,2.003209,3.687049,1.461057,1.691433,4.850454,3.746006,4.749943,2.832146,4.701057,3.361239,2.749017,3.748126,5.334187,4.11472,5.430202,3.184982,4.981565,3.281554,4.159043,4.150397,4.595206,4.184455,3.19453,4.814021,5.665371,3.349911,2.098482,4.433034,3.602534,3.802611,4.489892,3.477322,3.664862,3.833595,5.403468,3.963784,2.698041,2.737836,4.072944,2.804286,2.371411,4.56925,4.618213,3.565578,4.227374,4.121836,4.536134,4.538464,1.327926,3.693215,4.451619,3.523258,3.969917
DEMO083,0.188978,-0.862607,0.484329,-0.661836,-0.337346,0.811443,-1.210773,0.439658,0.721405,0.146798,-1.4046,0.121864,0.120257,0.29949,-0.201366,0.756176,1.077447,1.097656,-1.087184,0.20407,-1.183097,2.881448,-1.159745,-0.61271,-0.605471,-1.061531,1.787724,2.857578,-0.040619,-0.885293,-1.801796,0.191021,0.118764,-0.216166,0.656505,0.830303,1.310153,0.640378,2.067372,1.686439,0.440889,0.361407,-2.290871,0.232951,-0.793816,0.780682,0.712323,1.255308,1.956123,0.533183,2.839869,0.791904,-0.750764,-0.002619,0.186706,1.15158,-0.387797,0.261477,0.398412,0.111332,1.370868,1.200774,1.72602,0.228428,1.76198,-0.804544,-0.828932,-0.654349,0.568664,1.761831,-0.042689,0.082759,0.343435,1.132281,0.081827,0.026036,-0.785943,-0.012268,1.736914,0.650379,-0.180402,1.795597,-0.025761,1.979408
DEMO084,-0.433956,-1.611706,-0.002133,0.16797,0.446764,-0.460125,-1.632173,-1.511713,-1.108407,-0.626247,-1.373128,-1.47835,-0.976347,-2.989617,-0.715932,-1.35514,-2.140637,-0.373182,-1.026501,-0.150658,-0.248939,-2.460777,-2.473237,-1.794556,-2.09528,-0.283763,-0.687705,0.060169,-0.642528,-0.830365,0.160715,-0.569288,-0.970914,0.441438,-0.923834,-1.343356,0.067731,-1.279865,-2.834426,0.953624,-0.9486,-1.659763,-0.379749,-0.633574,-0.024938,-1.998224,-1.017403,-2.521747,-0.669542,-1.358822,-1.054867,-1.482226,-1.586865,-2.204108,-0.545446,0.153828,-1.892545,-0.782336,-0.903693,-1.327779,-2.862472,-2.637474,-2.116858,-3.474881,0.072154,-0.968173,-1.365838,-3.526112,-3.159747,-1.338218,0.634614,-2.034521,-0.472078,-1.815779,-1.280637,-0.121193,-1.681828,-2.025981,0.082194,-1.290319,-0.244671,-2.021125,0.070798,-1.062249
DEMO085,-0.768618,-4.012845,-2.449953,-2.999052,-2.01282,-2.703495,-1.825575,-2.303173,-2.262916,-1.341876,-4.255426,-4.276444,-2.028806,-2.309727,-3.076472,-1.535623,-1.001598,-2.289236,-0.930733,-4.208664,-2.294102,-2.278744,-2.965643,0.145212,-2.304841,-2.646379,-2.212686,-4.241462,-2.998517,-1.255409,-2.867594,-3.067524,-0.929123,-0.898394,-1.721658,-2.693766,-2.443475,-2.746633,-3.383737,-2.879945,-3.320853,-1.918716,-3.08132,-4.37477,-4.557686,-4.604981,-2.260292,-4.029767,-2.578177,-2.741688,-2.942971,-2.439857,-2.719959,-5.587992,-3.201888,-2.453159,-1.23798,-1.191805,-4.241413,-3.227988,-4.444377,-1.358377,-1.865406,-2.527675,-2.712168,-1.497631,-1.666937,-1.720218,-2.421583,-3.227491,-2.111138,-2.062221,-3.0689,-3.229511,-1.744949,-1.214146,-3.627658,-3.141639,-2.527329,-2.391663,-3.400629,-0.994742,-2.456167,-2.346879
DEMO086,0.101554,2.149886,0.097992,0.681504,0.035442,0.343425,0.459305,-0.172999,0.953482,1.221767,0.773111,0.0283,-1.818561,1.058365,0.041626,-0.523053,-0.713676,-0.763319,-0.336957,-0.753624,-1.282608,0.5005,0.515693,1.98189,-0.387241,0.577198,0.59381,0.027259,1.025431,1.056326,0.608508,0.025457,-0.076433,-1.086657,-0.524821,-0.34091,2.120295,-0.087651,0.272979,-0.891912,0.18906,-1.127517,1.10926,0.781407,0.084341,0.260987,1.122877,-0.774386,0.565578,1.06092,-1.420864,1.046348,-1.312652,0.243816,-0.801981,1.792657,-0.795711,-1.288779,0.494763,-0.052293,-1.143195,0.887226,-1.630089,-0.67483,-0.213808,1.163633,1.656879,1.464193,0.208137,-2.065898,0.752263,1.831984,1.595201,0.824359,-0.828092,-0.163897,2.295225,-1.055319,-0.786431,1.303962,-0.069749,-0.820345,1.889382,0.822466
DEMO087,-0.806924,-0.364617,0.352366,0.834453,-0.503321,-0.223394,0.343752,-0.233418,-1.757619,-0.204182,-0.017447,0.68084,-1.754086,-1.104431,-1.97756,-0.413664,0.34304,-1.761651,-0.570147,-1.887699,-1.15851,-1.543918,-0.251693,-1.532376,0.158072,-1.099309,-1.503192,-2.106893,-0.600384,0.04163,-0.580267,1.385244,0.576199,-1.161116,-1.171616,-0.383891,-1.479272,-2.243245,0.949936,-1.121922,0.299858,-0.203837,-1.618372,-1.610412,0.348844,0.365047,-2.974386,-0.54769,-1.218685,-2.130794,-0.835724,-2.447067,-1.563926,-1.895944,-1.597262,-1.168949,-2.113037,0.475709,-0.604187,0.697093,-1.25755,-1.64626,0.660945,-1.67553,-1.275763,-0.377423,-2.335196,-0.386176,-0.514123,0.171855,-0.207426,0.202508,-1.207892,-1.960141,1.012515,-2.624166,-2.523984,-0.532342,0.527516,-0.90792,-0.098167,-3.093273,-1.597015,-2.971418
DEMO088,-1.566222,-0.503234,0.524932,0.450611,-0.203748,0.471037,0.298686,-0.391176,-1.565913,-0.03397,0.130076,-0.360623,-0.229001,-0.707292,-1.274144,0.730163,-0.074525,-0.179666,0.250829,1.286705,-0.26517,-0.549165,1.072595,0.531425,-0.757105,-0.430939,-0.240744,-0.074312,-1.792725,-1.97861,-1.323515,-1.400864,-1.079949,0.198586,-0.605054,-0.239731,0.219679,-2.107964,-1.838551,-0.046707,0.501092,-0.7197,0.00944,-0.022944,-0.776159,-1.655438,0.004159,0.052363,0.333292,-0.248666,-1.729232,0.129608,-0.562113,-1.04347,-0.855368,-1.250989,0.328111,-1.978847,-1.554218,-0.889505,1.053019,0.493548,-2.201573,0.790615,0.788688,-1.734741,-3.082191,-0.632954,0.561692,1.03053,-1.43156,1.191247,-2.788665,-0.928783,-0.977943,0.591605,0.73757,0.393491,-1.911282,0.301887,-0.05169,-2.231967,-2.627746,0.477257
DEMO089,-0.12133,0.588209,-0.322738,-0.967795,-0.276256,-3.542691,0.817214,-1.561757,-1.248385,-0.650079,0.217889,-2.158438,-1.971361,-2.698793,-1.867005,-1.104344,-0.055444,-0.047749,-1.367275,-0.481039,1.556146,-0.6603,-1.335889,-0.816464,-0.550525,-0.79387,-0.674056,-2.086148,-1.605332,-0.792037,-0.80797,-1.208891,-0.819715,-0.581687,0.246712,-0.741913,-1.00643,-2.111513,-1.034503,-0.46229,-0.909182,-2.378317,1.059226,0.177887,-1.161708,-1.121425,-0.466843,-1.955952,-0.503654,-2.157063,-0.896865,-1.994902,-1.944415,0.819392,-0.767105,-0.618924,-2.837711,-1.423332,-0.365119,-0.632194,-2.980361,-0.619193,-0.459772,0.457431,-1.481562,-3.068399,-1.823101,-1.923396,-0.089622,-3.543067,-1.274687,0.599465,-0.819118,0.069986,-2.468129,-2.42832,0.610912,-0.725115,-0.723056,-1.944484,-0.725549,-1.972268,0.36054,1.9015
DEMO090,0.242095,-3.789204,-1.864254,0.310978,0.336738,-1.30322,-0.119359,-1.27036,-0.536604,0.509324,-0.793597,0.079228,-0.451392,0.52006,0.251273,-0.689431,0.424265,0.2279,0.717987,0.56563,0.440905,-0.246248,0.097109,0.915678,-0.799905,-0.776238,0.033601,0.267449,-0.971937,-0.222593,-0.241829,-2.363111,-0.367424,-0.305148,-0.308123,1.268084,0.293873,-0.825014,-2.723726,-1.874532,1.364794,-1.21926,-0.560903,0.465258,1.292222,-0.389655,-0.594735,-0.118447,-0.817706,-0.763887,0.221812,-0.004776,1.941538,0.248781,0.961078,-1.261353,0.33509,-0.913049,0.205386,0.498447,-0.140199,2.217258,1.237912,0.987178,0.574218,1.573293,-1.627037,1.180215,-1.181312,-0.754407,0.371325,1.043152,-1.343644,-0.702613,-0.092536,-0.376434,0.663964,3.24586,0.229253,-0.925264,-1.486576,-0.515322,-1.130318,0.277482
DEMO091,0.353878,2.436521,0.58195,3.308901,1.06406,1.474016,1.626387,0.459325,0.982607,2.195002,1.544636,-0.245703,1.806877,0.066648,-0.096519,0.294657,-1.492917,0.638363,0.723636,0.609302,2.226957,1.979897,1.197136,0.748666,2.145469,1.099521,0.301009,-0.596969,0.677965,1.873923,3.395818,1.18089,0.353924,-0.065686,1.671234,-0.645337,1.891095,0.975905,3.424028,0.703626,1.319642,2.078236,2.331128,2.71665,1.86757,2.489986,0.773965,2.357155,2.343802,2.95196,-0.229363,0.53189,2.262214,-1.212291,1.931079,2.498878,0.862698,1.008883,0.364936,0.917526,0.946505,0.756232,0.701395,1.168069,1.155969,3.313205,1.044888,1.783224,0.86219,0.849478,-0.265297,-0.132293,0.232075,1.62277,2.515247,-0.347591,0.889997,0.072183,1.174796,2.514843,0.992191,1.391556,2.894302,1.896974
DEMO092,1.773923,0.288076,-0.845295,0.047321,0.121438,-1.207693,1.582126,1.193711,0.459498,0.326845,-0.03942,0.848136,-0.201166,0.405182,0.715246,0.982613,0.60118,-0.054761,0.729842,0.335839,-0.613223,2.015313,-0.186778,0.940653,-2.253713,1.441372,1.633665,0.194735,0.723672,0.723416,-0.477883,0.712023,-0.643729,-0.443856,1.291844,1.139559,-0.548076,0.370931,-0.615533,0.632498,0.727356,-1.155144,0.387165,0.094442,0.756693,1.043363,0.689465,-0.091178,1.145346,-0.661047,-1.108506,-2.983271,0.141875,-0.609531,0.60977,-1.759212,-0.435163,0.682285,-0.817821,0.621272,-0.345007,0.179207,0.807174,1.164813,0.304508,-0.601995,-0.246023,0.848971,-0.809238,0.033949,-0.173869,0.108654,-0.797267,-1.639929,0.732758,1.176147,-1.580159,0.580942,1.295198,0.807927,-0.204655,-0.731481,0.292994,0.459801
DEMO093,-0.414467,-0.900827,0.765723,-0.124023,-0.441431,-0.264817,0.700609,-0.733132,-0.787518,-1.365691,-1.235798,-1.999721,0.558503,1.637589,-0.872942,-0.900143,-0.812163,0.566073,-1.166551,0.190146,0.58028,-0.254812,0.843497,-0.470877,-0.380422,-1.143813,0.850611,-0.933087,0.183205,-0.237883,-1.21935,-0.77567,1.216306,0.035091,-1.175717,0.138762,-0.11835,-0.394292,-1.296809,0.208531,0.256697,-0.013335,-0.103163,1.465092,-0.838536,1.067278,-0.948181,0.894794,1.019211,-0.507208,1.446806,0.254879,-1.091429,-0.588314,0.918605,0.708908,-1.272197,-0.353414,-0.010634,-0.721762,2.143643,0.019507,-0.275969,0.976694,-0.579371,0.793271,-1.881889,-0.667811,0.834913,1.356041,-0.987453,-1.103979,0.353289,-0.837191,-0.482735,0.662248,-0.758259,-2.179583,-1.515241,-0.204201,-2.07758,-0.511317,-1.606254,1.425782
DEMO094,-0.812532,-0.41884,-2.035366,-2.077241,0.069025,-1.447991,0.306823,-2.744591,-0.393651,0.3036,-1.575316,-1.017059,-3.126399,-0.85177,-1.23355,2.36661,-0.802313,-1.468061,0.332591,-2.928473,-0.993116,0.906992,-1.203636,-2.820737,-1.483354,0.367082,-0.711367,-1.926293,-1.772679,-1.647137,-0.726239,0.25076,-0.035013,-0.631424,-2.419081,-2.415369,0.76701,-2.45633,-1.141374,-2.358536,-1.707448,0.405337,-1.864821,-1.68417,-2.340662,-0.251943,-4.661399,-1.84093,-1.444019,-2.05921,-0.534587,-0.196105,-2.810172,0.695354,-2.821391,-0.109502,-1.248305,-1.901834,-1.807499,-1.431645,-1.189715,-2.318287,-1.632073,-2.168805,-2.613182,-2.215444,-2.548107,-1.818287,-0.965658,-1.277422,0.576212,-3.608586,-0.928792,-1.391712,-0.582462,-0.681667,-1.563124,-1.225481,-2.142202,-0.784453,-3.277009,-0.621306,-1.421306,-1.885195
DEMO095,-3.091525,-1.23087,-1.211313,-3.205398,-1.445201,-0.9391,-2.872217,-1.609023,-3.369861,-1.265799,-0.784145,-2.591837,-2.94558,-3.964681,-1.225165,-3.103888,-1.983984,-1.454267,-2.896011,-2.782679,-1.852538,-1.254767,-0.696898,-1.151364,-1.68476,-2.504612,-2.829324,-2.269294,-1.348482,-1.421793,-3.858319,-2.544094,-0.55391,-1.679202,-3.175426,0.597404,-2.493355,-2.420018,-0.963518,0.972672,-1.040951,-2.826148,-1.63104,-1.587493,-3.185983,-3.521621,-2.324103,-1.453114,-3.87263,-2.98172,-1.68817,-2.219098,-0.844548,-3.672189,0.091343,-3.798814,-4.289986,-2.319735,-3.395281,-2.299578,-2.334549,-2.456596,-3.103233,-1.828166,-2.578159,-1.157157,-2.441194,-3.225469,-3.948533,-2.432931,-3.530027,-3.610784,-1.733365,-4.038492,-0.848629,-2.101106,-2.304665,-3.295588,-1.49645,-2.263727,-2.946919,-2.060997,-3.943607,-3.896149
DEMO096,-0.111921,0.145674,-1.890577,-0.155268,-0.788928,-0.969098,-0.791626,-1.106806,-2.076232,-0.072194,-0.975183,-1.600949,-1.079785,0.546092,-0.539565,-0.126289,-0.111099,-0.878219,-1.238197,1.611052,0.492583,0.311314,0.065666,-1.513941,0.766907,-1.353756,-0.227337,-2.150013,-2.551482,-0.192332,-1.319723,-2.499791,0.029986,1.609457,0.878937,-0.767941,-1.776702,-0.306988,-0.659774,0.392464,-1.576506,-0.081848,-0.770386,-1.599561,-0.271208,-0.722528,-1.285635,-0.614517,-0.786046,-0.810204,-1.069109,-1.961464,-0.58175,-1.45923,-1.676845,-0.897216,0.077511,-0.470902,-1.187658,-1.227862,-0.020702,-3.053251,0.140849,-2.530531,-2.071924,-1.170782,1.513608,1.020904,0.049972,-0.299973,-2.518793,-0.499758,-1.205737,-1.473185,-0.501713,-1.127626,0.212784,-2.59247,-0.581504,-1.535613,-1.066152,-0.351889,-1.773824,-0.492284
DEMO097,0.816773,1.425492,1.740588,1.261025,-0.163517,0.298938,0.544852,-0.188111,0.56102,-1.218997,-0.025715,0.089237,-0.527922,0.377373,-0.047626,0.831235,1.065656,-0.400007,-0.022294,0.244143,0.497405,-0.189548,-0.176557,1.323361,1.153049,0.420939,1.662637,-0.442917,1.566502,0.486044,3.214554,-1.248954,-0.745817,0.362326,0.340762,1.893667,-0.284945,-0.733193,-0.543179,-0.227158,-0.840443,-0.065512,-0.350783,-0.683889,1.517236,0.342633,-0.455319,0.073254,-1.099427,-0.509378,-0.392684,-1.3194,0.314748,-0.578219,-0.428073,-0.641326,2.886484,-0.735222,-2.141283,-1.672538,0.686696,1.263846,-0.754404,1.206343,0.668984,-0.262087,-0.333053,0.108264,0.804849,0.324688,-0.749415,-0.246813,1.908657,0.178607,0.796719,0.467279,0.200751,0.036092,0.824784,0.646036,0.191287,-0.766369,0.312952,-0.139614
DEMO098,2.534753,1.889108,1.898694,2.591683,1.708647,1.038643,1.128931,2.419185,2.461223,-1.007796,3.09967,-1.138268,1.293315,2.934712,1.187952,2.761245,3.018789,2.560974,0.89533,3.264085,3.085651,2.455911,2.060674,2.082434,1.777591,2.497112,1.887461,1.007801,0.807735,1.10429,2.078459,1.829371,2.07167,2.35714,1.229005,3.321987,2.078449,5.065481,0.847654,3.345218,1.524034,2.517901,4.955293,1.424336,1.662833,2.369192,1.539488,3.270762,1.852176,3.040715,1.057516,0.579874,2.15772,0.818198,3.904974,0.856902,1.349019,2.800325,1.800341,0.868317,4.42667,1.385072,2.190448,2.177513,3.097015,2.849058,1.559904,2.060878,2.159783,3.135665,1.218383,4.404816,1.627522,2.377956,1.226716,1.088546,1.512277,1.416182,1.972448,1.40774,3.082258,1.603721,1.49289,1.993737
DEMO099,-0.284199,0.764185,0.133268,0.470484,0.800354,-0.244567,-0.17659,-1.325489,-0.953041,1.167602,-1.780808,1.269688,0.085594,-1.051699,-0.130923,-0.296639,0.619174,-1.699722,-0.653746,1.117861,-1.600634,1.254362,1.647925,-0.232667,0.428601,1.255875,-0.330001,1.004564,-0.534361,-0.340814,-0.662548,0.479435,1.294757,-0.047325,-1.134461,-0.945919,1.168709,0.390747,0.076181,-1.257174,-0.966838,-1.102539,1.482722,0.706434,-0.68575,-0.388501,-0.64942,-0.709991,0.636172,-0.111666,2.257038,1.42623,1.485351,0.847228,-0.246788,0.773661,-0.172962,1.806147,0.58015,0.438231,0.302943,1.916137,-1.25788,2.014158,-0.010283,-1.230278,-0.576339,-1.474937,0.829527,-0.862422,0.344538,1.310088,-0.496146,-0.092233,-1.127496,-0.212487,2.749894,0.953804,-0.08886,-0.435817,0.133237,0.305921,-0.243199,0.70593
DEMO100,1.738988,1.361582,-0.252074,2.425044,0.481995,-0.672356,0.478244,0.044134,1.927584,1.793786,-0.657802,0.657767,0.198173,2.354869,1.426476,2.875993,1.425601,0.64498,1.79806,0.792378,0.653591,0.073417,2.440325,-1.507331,1.829736,0.568132,0.621536,2.724192,0.317745,0.351807,0.901482,1.445724,0.590021,-0.541982,0.166178,2.31321,0.373251,0.368311,1.696894,0.158057,2.055716,1.312418,-0.501211,1.436197,-0.358448,2.02006,1.077984,3.177783,2.398011,0.266006,-0.694042,0.571597,0.10544,3.152436,1.316384,2.260117,1.041667,1.147031,1.294071,2.433238,1.638323,0.269364,2.949212,1.033883,0.871178,-1.502807,1.961098,1.427711,1.426624,0.923874,0.75148,0.957118,1.789859,1.965816,1.095667,2.275636,1.247724,0.822472,1.525114,-0.032688,1.559417,-0.215484,0.298971,-0.691993
DEMO101,-1.544339,-1.520341,-0.447122,-0.773146,-0.836128,0.120406,-1.889338,1.06499,-0.572534,-1.701174,-1.216513,-1.340858,-1.813858,-0.444412,-0.449484,-0.073173,-0.785682,-1.183758,1.153309,-0.712452,-0.96763,0.571882,-1.246621,-1.118988,-0.514014,-0.52399,-0.264649,1.567409,-0.188012,-2.902314,-0.197961,-0.48638,-0.48081,-0.278313,-0.552939,-0.576872,-0.849166,0.935585,-0.791126,-0.030464,1.678265,-0.269993,-1.439261,-1.301618,-0.673391,-1.306944,-1.232136,0.311205,0.352107,-2.320942,-1.492219,-1.138053,-0.07496,0.469027,2.027919,-1.139722,-1.089778,-0.085479,-1.356266,-0.815011,-1.089087,-3.295703,-0.550816,-0.85641,0.597182,-0.668559,-1.928797,-0.932148,-2.765132,-1.884967,-0.038543,-0.921389,0.248459,-2.640941,-0.91651,-1.149562,0.2818,-0.001286,-0.031797,0.867361,-1.042136,0.661032,-1.718255,-1.754927
DEMO102,-0.845068,-0.868896,-0.775115,-0.568809,-3.292897,-1.549382,-2.507655,-3.460105,-1.659416,-3.082595,-2.0319,-2.188842,-2.150955,0.721224,-0.631147,-1.786272,-2.191877,1.77959,-1.960048,-1.144048,-2.739851,-1.127723,-2.177417,-1.686664,-0.199126,-0.772181,-0.675781,-3.015396,0.592704,-2.436072,0.28437,-0.222647,-0.666858,-2.099176,-1.092601,-1.715112,-0.846928,-3.104415,-1.026908,-1.498361,-0.527821,-1.659118,-1.543625,-1.090409,-2.262324,-2.30588,-1.125245,-1.628962,-2.006988,-1.682458,-0.005115,-2.042692,-2.071694,-3.307118,-1.642027,-0.942791,-0.763476,-1.491456,-0.643841,-0.868444,-0.486724,-0.615371,-0.029696,-1.769367,-2.926732,-0.935955,-0.819121,-0.029679,-0.318384,0.345798,-0.97982,-1.370863,-2.984657,-1.291578,-2.152177,-1.388164,-1.545161,-1.12794,-1.697005,-0.664654,-4.322828,-1.409681,-0.397184,0.270374
DEMO103,-3.145327,-0.929057,-0.96975,0.080416,0.222518,-0.762342,-0.985915,-0.796955,-2.818724,-1.696289,-0.827023,-2.066855,-0.134263,-2.245023,-0.984333,-1.263245,-3.051983,0.108412,-1.09448,-1.498173,-1.5737,-0.654913,-1.907129,-3.268548,-0.606243,-0.49427,-1.213004,-2.161275,-0.924437,-2.477905,-2.040603,-1.764071,-0.169434,-1.375984,-1.461239,0.94132,-0.570946,0.381975,-1.133972,-1.300045,-0.773492,-1.306102,-2.085265,-1.818148,-2.415061,-0.774531,-1.291516,-1.663194,-1.869591,-0.797851,-0.522459,-2.433422,-2.590592,-0.348398,-2.678041,-0.755421,0.314002,0.316327,-0.565035,-0.594098,0.949,-3.637303,-1.767243,-0.454416,-1.640195,-0.063129,-1.342262,-1.171164,-1.577582,-1.825419,-1.850018,-1.031741,-2.077473,-0.349703,-0.649682,-0.203491,-2.431832,-3.002384,-1.307093,1.595893,-0.036699,-1.857354,-0.878395,-0.575321
DEMO104,-1.225587,-0.240065,-1.253144,-0.726619,0.26091,-1.282997,-1.06961,-1.369296,-0.618923,-1.423734,-1.054138,-1.019374,-1.517632,-0.29815,-0.409025,-0.422493,-1.131188,-1.357859,-2.947894,0.207253,-0.313178,-0.940653,-0.898714,-0.025343,-2.316197,-1.351369,-1.89779,1.010022,0.114168,-2.96418,-2.275249,-0.893833,-1.233928,-2.08587,1.183275,-0.448947,-2.347443,0.390571,-1.146479,-1.069736,-0.955271,0.165485,-1.734237,-2.686025,-0.6561,-3.022713,-1.280159,0.207819,-0.399961,0.063301,-0.358704,1.431279,-1.567295,-0.580924,-1.417176,-0.022254,-1.04063,0.73979,-1.509871,0.428071,-0.385916,-1.011516,-0.436613,-0.717791,-0.623101,-1.185926,-1.680644,-1.314126,-2.6622,-0.137107,-2.214219,-1.196702,-0.33101,-0.139658,-2.753707,-1.070903,-0.51931,-0.927039,0.36502,-1.800862,-3.028096,-0.168729,-1.516141,-2.737596
DEMO105,2.934148,2.805871,1.173678,3.102364,2.827036,2.230396,2.537136,2.210133,1.868289,3.095291,2.062913,1.99205,2.403437,3.995334,2.70971,1.542878,2.957167,1.85446,1.95155,2.845895,0.605896,3.831921,2.417282,3.515837,1.159473,1.311728,1.072993,2.485191,2.300877,1.770481,1.220824,0.968297,2.186409,1.769306,1.549286,3.781983,2.714922,4.103992,1.610182,5.20943,2.035553,2.960445,1.654302,2.915044,2.739686,1.38394,5.699261,2.378097,2.378972,3.84247,4.687689,3.999871,1.672254,3.087343,0.992062,3.775139,1.238246,2.070233,2.870233,3.318441,2.6125,4.392518,3.596674,3.518159,1.644033,4.572802,2.070369,4.610977,4.895629,3.386091,3.905447,-0.209486,2.678432,3.9756,3.797944,1.653711,2.579712,0.337069,3.286427,0.990106,4.003912,4.056159,2.399067,3.39471
DEMO106,-1.58371,-1.680593,-1.359049,-0.278792,-1.777012,-0.383874,-2.227454,-0.117241,-2.780269,-0.669824,0.687985,-0.398429,-0.716473,-1.447547,-0.944782,0.407587,-1.395708,-0.61768,-0.917932,-2.560078,0.565882,-0.99761,-0.116038,-1.614485,-1.0273,-1.729308,0.373542,-0.551047,-0.495402,0.495728,0.293885,-0.097113,-2.284183,-1.558135,-1.866344,-0.134922,-1.325971,-0.866964,-2.256131,-0.486379,-2.750057,-2.938802,-1.2308,-1.320115,-0.83657,-1.75838,0.77682,-0.948267,-0.87599,-0.911638,-0.105962,-0.532855,-0.666854,-0.372888,-2.933487,-2.89572,-1.184931,-1.306546,-0.529062,-1.088855,-0.527007,-2.354467,-1.119617,-2.449929,-0.722014,-2.987157,-0.760562,-2.577871,-1.4924,-0.213944,-0.881492,-2.754532,-1.781266,-2.610251,-2.803631,-0.991209,-0.548574,-0.668266,-0.506245,-1.120783,-1.382262,-2.181941,-1.548952,-2.43022
DEMO107,-0.403266,0.634421,0.948137,3.283619,-0.538826,2.310504,0.936616,0.653506,0.119592,0.615693,1.10395,0.138351,0.099287,-0.454675,1.051066,-0.510099,0.691669,-0.613699,0.827257,-0.774959,1.409241,1.258376,2.788362,1.728287,0.457499,1.698484,-0.51725,-0.082059,1.213556,-1.277836,0.843253,-0.13985,0.981721,-0.197323,1.304662,0.899741,0.286795,1.220887,1.014154,4.196688,-0.213835,1.006862,-0.291772,0.744175,0.784867,1.97684,0.682294,0.940641,0.701642,-0.269091,0.479858,0.750024,1.205786,1.690908,0.897364,0.879784,-0.588853,1.671695,0.436063,1.879084,2.4484,0.944045,0.108649,1.115262,1.480662,0.81644,0.567922,1.695493,1.629539,0.785671,-0.522106,1.588339,0.364633,1.346302,1.283118,-0.756987,1.213042,1.646493,1.769113,1.249326,-0.845226,2.409041,1.542983,-0.071359
DEMO108,-0.753085,-0.491755,-0.784579,-0.4582,-1.056612,0.551123,-0.584436,-0.429838,-0.743501,-0.009991,-0.887294,-0.58315,-0.671324,-1.066701,0.452292,-0.941339,-1.716716,-1.194959,-2.29231,-0.541936,-0.358223,1.521122,-1.56991,-1.215868,-1.523832,-0.73596,-0.566383,-1.001448,0.138252,-1.565053,0.038101,-0.409576,-0.960103,-1.26301,1.478594,-1.765082,-2.006715,-0.987727,-0.539167,-1.706915,-0.393426,-3.011719,-2.261411,-3.283316,-2.116357,0.289125,0.838851,-0.984361,-1.857381,-1.440592,-0.745612,-2.781933,-1.791451,0.215941,-2.264662,-1.967977,-1.205758,-0.935809,-1.843956,-1.141987,-0.611012,0.7425,-1.345196,-1.260249,0.308501,-1.768118,-2.543305,-0.968703,-0.142777,-0.857905,-1.315967,-2.667345,-1.277321,0.014203,-2.453069,-1.463699,-1.606436,-1.916656,-0.971029,-0.775646,-0.786125,-2.195761,-2.864935,-0.956563
DEMO109,0.475102,2.063808,0.287206,0.871321,-0.14039,1.386597,0.475277,3.220251,0.554148,0.340221,1.440109,1.257953,-0.398693,2.128777,1.276085,0.227933,2.763772,1.864978,0.299802,1.490747,1.235847,0.461527,1.736316,1.367457,1.19385,0.936232,1.409206,1.207539,1.037245,0.337136,2.671918,-0.072268,1.405788,0.657911,2.737699,0.074669,0.751705,3.095936,3.142133,3.248313,0.317513,1.826993,2.128576,2.015978,0.903226,2.536788,1.258099,1.38573,-0.28021,1.902389,0.997212,1.722402,1.492737,1.43856,1.21191,2.044223,1.058731,-0.197574,1.826579,0.448618,-0.066638,0.23538,1.540956,1.161105,-0.875059,0.873968,2.426855,0.806328,1.092147,2.300615,2.053113,2.279375,-1.51493,2.991147,1.894024,3.7191,0.475298,-0.505827,1.264842,0.982251,1.911288,2.332552,1.170329,1.016916
DEMO110,1.830077,0.307595,0.188065,-0.729666,0.155658,-1.207843,0.321552,-0.695184,1.604531,1.041423,-0.848795,2.19293,1.074544,0.405551,-0.331065,-0.56562,0.727664,-0.968852,-0.07433,-1.748167,0.64462,-0.096016,-1.083858,1.489808,-0.903468,1.201142,-0.296842,2.00577,1.153749,-0.603849,-0.512884,1.009724,0.14182,0.234856,1.676437,-0.34449,1.042404,0.263355,0.179702,1.556819,1.779462,1.60365,0.351454,-1.620105,0.371478,-0.238296,0.389959,-0.151407,0.498944,-0.519592,-0.761034,1.742375,-0.449974,0.520015,1.474199,1.433988,1.314532,0.82255,1.243687,1.892772,0.944706,-1.317519,-0.008849,1.216054,-0.107412,2.13979,0.456504,0.604933,1.644428,0.336834,0.695961,1.418807,-0.952587,0.234386,1.348837,0.585284,1.987018,-1.05624,-1.170318,1.28937,1.385491,0.326434,0.920078,1.264891
DEMO111,-1.069516,0.070148,1.162375,2.652573,-0.743223,1.278662,1.42105,-0.009871,-0.197252,-0.829469,0.412682,0.307434,-0.154489,-0.959155,-0.073176,0.790158,0.644648,-0.324082,-0.453376,-1.903285,-1.220715,0.153889,-0.302352,-0.089543,0.874784,-1.351793,-0.40065,0.024241,-0.86863,1.267007,0.744117,0.125664,1.629762,-1.663365,-0.172196,0.201867,-1.025324,-0.91831,-0.021735,0.692628,-1.377418,-0.409409,-0.455698,0.206498,-0.22016,-0.757345,1.037105,-0.750719,-0.503558,-1.802959,-0.925087,0.304615,0.109141,0.388056,0.339521,1.876253,-0.95932,-1.830885,-1.262014,-0.915113,-1.185788,-0.1178,1.041194,1.328198,0.292847,1.929811,-0.567834,-1.84398,0.841717,-2.050056,-0.966464,0.308651,-0.313843,-0.402414,-1.392251,-0.222264,0.792201,-0.191493,-1.041687,-1.459,-1.021056,0.180873,0.132141,-1.011968
DEMO112,0.20299,-0.19201,0.391832,0.021154,0.069633,-0.449096,0.085906,-0.113822,-1.377498,-1.515836,0.52113,-2.645912,0.161387,-0.522107,-0.957356,0.257914,-1.149383,0.647757,1.015034,0.229533,-1.895598,-1.009594,0.521909,-0.021602,-2.736803,1.20003,0.093856,-0.861875,0.952155,-0.720341,-0.731253,0.315552,1.738238,1.580787,0.316911,0.419585,-2.265789,0.364983,-0.952737,0.634033,-0.811139,-1.04293,0.098142,2.30267,0.694001,0.08119,0.303822,-1.806145,-1.17737,-2.565958,1.674844,1.472357,0.337789,0.080086,-1.606619,-0.274329,1.737362,0.076387,-0.619676,-1.8131,1.325276,-0.125113,-1.811763,-0.979295,-1.332567,-0.186773,0.15231,-0.558246,0.722017,0.023773,1.007283,-0.412223,2.990296,-0.619518,-0.958359,-1.08133,-0.26597,-1.774566,0.239533,-1.960333,0.106642,-1.406281,-0.436323,0.549511
DEMO113,-2.052897,-2.198413,-0.001543,-0.931488,-1.250877,-0.646282,0.601076,-1.200639,-0.047686,-1.104085,-0.593423,0.029666,-1.169726,0.289384,0.103972,-1.944511,-0.043379,-1.421601,-0.369049,-0.914995,-0.186319,-0.569424,-3.760557,-0.508635,-0.045374,-0.241599,-0.790113,0.954635,-0.376154,-0.249854,0.356965,-0.324934,-1.585545,-3.125864,-1.164648,0.073418,1.420074,-1.961964,-1.034281,-1.607722,-1.753834,-1.598937,-0.059897,-1.372019,1.365349,-0.467984,-1.893974,-1.250669,-1.68581,-0.083895,-2.522743,-2.224915,-1.47551,-0.201017,0.349097,0.496579,-0.354162,-0.966853,-0.089338,-2.028464,-2.728621,-0.447326,-1.889642,-0.94927,-0.764336,-0.635844,0.053828,-0.051888,-0.688963,-1.325979,-0.776201,-1.480174,-1.080392,1.73421,-0.701774,-0.433718,-1.589444,0.13611,-0.123691,-0.116611,-0.669072,0.150227,0.387722,-0.600864
DEMO114,1.241004,0.626436,-0.209983,1.672365,2.025258,0.940629,-0.51194,0.776351,1.404398,1.141795,2.398203,-0.281681,-0.897391,-0.512577,0.115279,1.269554,0.617104,1.756442,0.173159,0.935991,0.974261,1.969978,-1.238261,0.009968,1.316892,2.014272,0.708447,0.175672,1.225494,1.337078,0.108714,0.798683,1.648903,2.358835,1.210981,0.512515,0.487585,1.496768,-0.301928,-0.115763,0.548897,-1.13916,1.429793,-0.360716,0.130706,0.388918,0.641484,0.258544,0.534826,0.54257,0.155167,-0.170997,1.683671,-1.502208,0.396482,0.133298,1.020989,-0.852095,0.102412,0.499838,1.672271,0.934382,-0.581291,0.114721,1.488249,-0.598577,0.523553,0.593077,0.216414,3.297949,0.189466,1.051963,-0.164104,1.129945,1.472985,0.014233,0.547496,-0.293082,-0.542206,1.638993,0.048197,-1.811415,2.367554,-0.199898
DEMO115,0.51868,0.786977,0.675116,0.159116,0.143364,0.064677,0.16906,0.006541,-0.389125,-1.614339,0.275485,-1.716087,0.667567,2.366056,-0.531808,0.079664,-0.593405,-0.288092,-1.535609,0.819325,-1.617917,-0.909844,-0.380139,1.513254,-0.900416,-1.143748,-1.02855,1.181165,-3.29008,-1.480471,2.253556,0.113149,-1.583718,-0.519651,-0.410278,0.368393,-0.860601,1.026679,-0.75597,-0.777564,-1.842401,-2.249061,-0.780614,-0.251418,-0.308702,-1.095489,-0.59397,-2.451438,-0.154061,-0.452822,1.359433,-0.606748,-1.556897,-0.664951,-0.942027,-0.17952,-0.587336,-1.874174,-2.249971,-0.351319,0.768887,-0.53488,0.19907,0.398581,-0.347436,-1.428719,-0.41892,0.592845,-0.084337,0.134018,-1.076774,-0.816581,-0.732955,-0.665566,0.553731,-2.961401,-0.583689,-0.693724,-1.985729,0.05754,-1.338728,-0.97126,1.234554,0.395746
DEMO116,-2.322943,-0.524883,-2.58142,-2.020205,0.077959,-0.385386,-0.957203,-0.740546,-1.816514,-3.133868,-1.926374,-2.416549,-2.770659,0.398706,0.552616,-0.898334,-1.826674,-0.499802,-1.985139,-2.320224,-3.046795,-2.852014,-2.183331,-2.464676,-0.97365,-2.486288,-4.430552,-2.330798,-1.758746,-1.892336,0.232639,-1.900429,-0.405963,-1.305869,-1.329191,-2.122266,-1.080081,-1.273791,-1.819248,0.344809,-0.8524,-2.404118,-3.05467,-1.08773,-1.710437,-3.083506,-1.225982,-1.923595,-1.123903,-1.212828,-2.262832,-1.021723,-2.152473,-2.08745,-2.186839,-0.523593,-1.93514,-0.282125,0.128917,-2.393287,-4.575563,-0.610058,-1.99654,-2.520754,-2.243286,-2.069382,-0.357375,-1.494657,-0.370969,-1.160348,-1.963799,-2.044925,-1.092959,-0.834142,-0.657775,-1.916106,-1.479362,-1.070527,-2.038533,-2.789508,-2.460839,-1.895603,-0.992361,-0.39559
DEMO117,0.209461,-1.549612,-2.430186,-1.518375,-1.175906,-1.198949,-1.10731,-1.000485,-1.689195,-1.553044,-0.415622,-1.41251,-0.849479,-1.576177,-1.400617,-2.106931,-1.17181,-1.578084,-2.286462,-0.34994,-0.914994,-1.789897,-1.196341,-1.425657,-2.209425,-1.271338,-1.962846,-2.286768,-2.964602,-1.700442,-0.774864,-2.036494,1.178874,-0.456149,-0.037504,-0.546591,-3.081263,-2.322561,-2.083078,-0.930499,-2.253326,-2.154948,-3.137208,-1.241808,-1.886615,-2.379261,-1.984729,-0.59822,-2.730103,-2.566875,-0.472963,-1.649441,-1.055462,-1.323464,-1.76055,-2.073515,-0.893658,-0.562879,-0.641027,-2.910687,-0.420305,-2.083151,-2.480245,-1.894543,-0.894087,-1.184752,-1.980602,-0.88755,-1.585355,-2.298187,-2.433251,-1.314981,-1.807733,-3.100721,-0.878054,-2.205491,-0.133096,-3.128206,-1.905924,-2.425193,-2.700638,-2.212006,0.045352,-1.581846
DEMO118,1.306268,-0.188683,0.524622,-0.816039,0.622905,0.175696,-0.155758,-1.220519,-1.791354,-0.075167,0.242892,-1.099735,0.15192,0.240148,2.034082,-0.605785,-2.37952,-0.264908,0.739436,0.332734,0.45669,1.502127,0.563275,0.98013,-0.758345,-0.914176,1.795331,0.282119,-0.442012,-0.440177,-0.467906,-0.527742,-1.10193,-1.319203,-0.013787,-0.411709,-0.558714,-1.595635,-1.488369,-0.303469,-0.400694,0.008943,-2.03919,0.141312,1.260723,1.855835,-1.661452,-0.568399,-0.62124,0.378715,-0.986779,1.915257,0.276516,0.109847,1.825707,0.216946,0.633297,-0.517805,-1.137508,-0.377368,2.41997,0.866015,0.507529,-0.74338,1.144244,-1.1247,-1.334063,-0.325893,2.187485,2.130888,-0.218243,-0.441205,-1.407368,0.311024,0.395006,1.02255,1.143701,0.035572,0.789022,-0.467645,0.770036,-0.274238,0.692452,0.611495
DEMO119,0.829278,1.343262,1.394916,1.308936,3.350432,1.480645,-0.450589,0.790294,2.112682,2.092477,0.551744,1.863867,2.727826,2.482492,2.765205,1.951122,1.923363,0.914925,1.537017,2.019047,2.374242,1.564154,2.73717,1.666035,2.450893,1.168194,-0.154543,1.926405,2.38337,2.233393,2.080232,1.309459,0.8513,2.209774,2.084493,1.097147,2.200577,2.926313,0.561374,1.066857,1.861714,0.68851,1.724909,1.757143,3.441457,2.274307,3.161203,2.433448,1.596106,2.26549,2.8612,3.325175,1.999463,0.484263,0.413971,1.805361,-0.206128,3.926878,2.728706,1.496106,1.022126,3.159892,1.018136,1.113546,1.365827,2.245861,2.752571,3.324445,3.176744,2.132547,3.152295,1.460774,0.310907,1.460642,1.325513,1.499786,1.172398,1.670664,2.75179,3.84703,0.406427,0.844039,1.340327,2.897515
DEMO120,-0.083904,-1.937459,-0.734216,-0.103082,-0.525861,1.541699,0.077505,-0.295185,-0.456554,0.640611,0.367895,0.802195,0.304665,0.991555,1.277415,-0.714874,-0.415532,1.804416,1.036573,-0.190018,0.455372,0.322783,-2.577623,-0.738483,0.117145,-0.18862,0.415094,1.297474,-0.153545,-0.889664,0.492843,-0.158632,0.011928,-0.123783,2.409829,-2.072713,0.011041,-0.508121,0.932722,1.172379,0.197229,-0.600231,0.486268,-0.01728,-0.025025,-0.296412,1.140972,0.465869,1.25169,1.552315,0.674969,-0.290488,1.256315,0.681653,2.819356,0.526092,0.913677,0.506413,0.11689,-0.042803,0.510233,0.737164,1.370377,0.524839,-0.2469,-0.110865,-1.106948,1.877203,-0.325185,1.183429,0.49254,0.519721,0.098541,-0.57181,-0.752547,1.944454,0.32995,1.341256,1.600896,-0.194858,0.639494,0.260999,-0.941225,0.030509
