ID,cohort,centre,pCR,OS_time_months,OS_event,DFS_time_months,DFS_event
DEMO001,train,CTR-A,0,2.9,0,27.46,1
DEMO002,train,CTR-D,1,150.31,1,17.56,1
DEMO003,train,CTR-C,1,56.55,0,2.66,0
DEMO004,train,CTR-B,0,64.18,0,2.36,0
DEMO005,train,CTR-B,0,29.91,1,14.77,1
DEMO006,train,CTR-D,1,105.3,0,27.77,0
DEMO007,train,CTR-A,1,36.68,0,38.05,1
DEMO008,train,CTR-C,1,10.34,0,11.44,0
DEMO009,train,CTR-A,1,34.39,1,74.19,1
DEMO010,train,CTR-A,0,7.13,0,14.58,1
DEMO011,train,CTR-C,0,22.69,0,13.57,1
DEMO012,train,CTR-D,1,3.57,1,38.6,1
DEMO013,train,CTR-C,1,89.62,0,41.01,0
DEMO014,train,CTR-D,0,26.09,0,40.09,1
DEMO015,train,CTR-C,0,29.33,0,1.89,1
DEMO016,train,CTR-D,1,23.36,0,45.3,1
DEMO017,train,CTR-C,0,19.82,1,20.05,0
DEMO018,train,CTR-A,0,93.37,0,59.86,0
DEMO019,train,CTR-D,0,15.83,0,12.53,0
DEMO020,train,CTR-B,0,30.89,1,26.11,0
DEMO021,train,CTR-C,0,36.48,1,53.36,0
DEMO022,train,CTR-B,1,105.42,1,93.24,1
DEMO023,train,CTR-A,0,18.73,0,15.59,1
DEMO024,train,CTR-D,0,24.51,1,2.14,1
DEMO025,train,CTR-D,1,48.17,0,31.74,1
DEMO026,train,CTR-C,0,7.05,0,18.9,0
DEMO027,train,CTR-B,0,64.59,0,58.0,1
DEMO028,train,CTR-D,0,13.93,1,22.02,1
DEMO029,train,CTR-C,1,1.74,0,26.79,0
DEMO030,train,CTR-B,0,8.32,1,44.69,1
DEMO031,train,CTR-B,1,36.24,0,66.93,1
DEMO032,train,CTR-A,0,17.81,1,35.36,1
DEMO033,train,CTR-A,0,31.14,0,0.61,0
DEMO034,train,CTR-C,0,15.93,1,4.77,1
DEMO035,train,CTR-D,0,27.79,1,11.06,1
DEMO036,train,CTR-A,0,58.39,0,10.56,1
DEMO037,train,CTR-D,0,6.08,1,84.12,0
DEMO038,train,CTR-D,1,83.97,0,103.6,1
DEMO039,train,CTR-B,0,17.46,0,9.54,1
DEMO040,train,CTR-C,1,163.68,1,3.03,0
DEMO041,train,CTR-A,0,24.85,1,61.45,0
DEMO042,train,CTR-D,0,4.46,0,2.42,1
DEMO043,train,CTR-C,0,53.39,0,8.34,1
DEMO044,train,CTR-B,1,46.31,0,22.11,1
DEMO045,train,CTR-A,0,48.84,1,2.34,0
DEMO046,train,CTR-D,0,3.24,0,17.9,1
DEMO047,train,CTR-B,0,2.19,1,31.19,0
DEMO048,train,CTR-D,0,4.2,0,17.04,0
DEMO049,train,CTR-C,1,15.24,0,35.45,1
DEMO050,train,CTR-D,1,45.17,0,66.11,1
DEMO051,train,CTR-D,0,9.99,1,44.77,0
DEMO052,train,CTR-A,0,42.69,1,0.03,0
DEMO053,train,CTR-B,0,2.87,1,33.74,0
DEMO054,train,CTR-B,1,5.9,1,23.02,1
DEMO055,train,CTR-B,0,146.14,1,59.49,0
DEMO056,train,CTR-A,0,60.08,0,15.81,0
DEMO057,train,CTR-C,0,12.3,1,5.9,0
DEMO058,train,CTR-A,0,4.55,1,16.93,1
DEMO059,train,CTR-C,0,26.98,0,92.92,1
DEMO060,train,CTR-C,0,3.26,1,26.41,1
DEMO061,train,CTR-D,0,1.73,1,50.72,0
DEMO062,train,CTR-C,0,18.34,0,7.65,0
DEMO063,train,CTR-B,0,33.81,1,11.72,1
DEMO064,train,CTR-D,1,12.91,1,35.04,1
DEMO065,train,CTR-B,0,12.18,0,50.38,1
DEMO066,train,CTR-B,1,178.51,1,16.7,0
DEMO067,train,CTR-D,0,36.57,1,15.48,0
DEMO068,train,CTR-B,0,99.49,1,0.19,1
DEMO069,train,CTR-A,0,38.61,1,7.55,1
DEMO070,train,CTR-B,0,23.86,0,78.67,0
DEMO071,train,CTR-D,1,10.59,1,45.27,1
DEMO072,train,CTR-A,0,0.73,1,80.02,1
DEMO073,val,CTR-B,0,20.25,1,42.23,1
DEMO074,val,CTR-A,0,80.47,0,56.23,1
DEMO075,val,CTR-C,1,9.61,1,11.48,1
DEMO076,val,CTR-B,0,5.29,0,138.21,0
DEMO077,val,CTR-B,0,43.77,1,14.79,1
DEMO078,val,CTR-A,0,3.07,0,27.1,0
DEMO079,val,CTR-C,1,10.81,1,74.82,0
DEMO080,val,CTR-C,0,58.83,1,31.34,1
DEMO081,val,CTR-D,1,10.23,1,4.48,1
DEMO082,val,CTR-B,1,85.82,1,33.04,1
DEMO083,val,CTR-A,0,34.09,0,74.01,1
DEMO084,val,CTR-D,0,86.58,0,72.81,0
DEMO085,val,CTR-C,1,54.35,0,49.55,1
DEMO086,val,CTR-C,0,3.3,1,15.65,0
DEMO087,val,CTR-A,0,115.3,0,21.1,1
DEMO088,val,CTR-B,1,5.43,1,13.58,1
DEMO089,val,CTR-D,0,16.76,0,6.18,1
DEMO090,val,CTR-D,0,38.88,0,41.9,1
DEMO091,test1,CTR-B,1,21.21,0,12.15,0
DEMO092,test1,CTR-D,0,8.14,0,23.67,0
DEMO093,test1,CTR-D,0,32.75,0,86.69,1
DEMO094,test1,CTR-B,1,7.26,0,44.25,0
DEMO095,test1,CTR-D,0,2.35,1,29.37,0
DEMO096,test1,CTR-B,0,15.69,0,24.5,1
DEMO097,test1,CTR-A,1,169.72,1,115.47,1
DEMO098,test1,CTR-C,0,32.56,1,25.27,1
DEMO099,test1,CTR-C,1,9.75,0,8.72,1
DEMO100,test1,CTR-A,0,69.37,1,20.05,0
DEMO101,test1,CTR-D,0,2.85,0,7.58,1
DEMO102,test1,CTR-A,0,92.96,1,19.62,1
DEMO103,test1,CTR-D,1,46.6,1,9.96,0
DEMO104,test1,CTR-A,0,2.5,0,24.33,1
DEMO105,test1,CTR-D,1,65.54,1,18.34,0
DEMO106,test1,CTR-D,1,40.3,0,55.52,1
DEMO107,test1,CTR-D,1,36.84,0,28.92,1
DEMO108,test1,CTR-C,0,24.06,0,6.28,1
DEMO109,test2,CTR-B,1,31.08,1,22.34,1
DEMO110,test2,CTR-C,0,16.17,0,25.42,1
DEMO111,test2,CTR-B,0,79.87,1,7.73,0
DEMO112,test2,CTR-D,1,20.44,1,4.26,0
DEMO113,test2,CTR-C,1,77.05,1,78.92,0
DEMO114,test2,CTR-B,1,105.22,1,13.9,1
DEMO115,test2,CTR-C,1,111.95,1,36.51,0
DEMO116,test2,CTR-C,0,27.6,1,11.49,1
DEMO117,test2,CTR-A,0,24.59,1,7.25,0
DEMO118,test2,CTR-A,0,15.74,0,50.56,0
DEMO119,test2,CTR-A,1,8.91,1,185.22,1
DEMO120,test2,CTR-A,0,40.44,1,6.43,1
